datum,Hlavní město Praha,Jihomoravský kraj,Jihočeský kraj,Karlovarský kraj,Kraj Vysočina,Královéhradecký kraj,Liberecký kraj,Moravskoslezský kraj,Olomoucký kraj,Pardubický kraj,Plzeňský kraj,Středočeský kraj,Zlínský kraj,Ústecký kraj
2020-12-27,100,19,1,0,0,2,2,2,1,0,1,2,1,1
2020-12-28,114,52,0,0,0,1,0,0,0,0,0,0,0,1
2020-12-29,113,70,1,2,0,0,0,28,0,0,0,3,0,1
2020-12-30,109,66,1,3,0,0,0,34,0,0,2,0,1,4
2020-12-31,43,41,0,0,2,0,0,4,34,2,7,6,0,14
2021-01-01,2,14,1,0,4,1,0,0,18,1,9,1,1,11
2021-01-02,42,30,3,1,17,20,1,0,11,0,10,20,0,8
2021-01-03,43,22,1,0,17,22,0,1,14,0,6,0,0,7
2021-01-04,99,17,25,13,21,10,16,31,35,14,15,16,17,18
2021-01-05,97,21,28,29,21,14,22,35,39,24,23,32,26,15
2021-01-06,123,25,36,15,29,16,28,33,25,26,29,36,30,17
2021-01-07,130,59,40,22,27,17,24,34,44,23,24,37,26,36
2021-01-08,135,48,38,20,22,37,17,23,44,27,29,71,21,37
2021-01-09,73,8,2,0,3,29,0,5,18,13,26,35,6,9
2021-01-10,70,12,1,0,6,35,0,2,13,0,27,10,7,15
2021-01-11,141,62,27,9,29,31,26,40,39,28,38,52,34,24
2021-01-12,145,65,38,13,25,34,25,44,40,31,42,73,31,29
2021-01-13,149,75,40,15,19,45,25,38,40,37,35,73,29,26
2021-01-14,144,73,57,15,27,45,25,66,41,32,28,63,34,33
2021-01-15,156,75,43,17,21,46,27,63,35,35,39,61,32,34
2021-01-16,88,6,8,5,0,38,0,19,19,0,31,0,14,13
2021-01-17,132,15,0,0,0,34,0,23,29,0,9,1,10,12
2021-01-18,221,96,35,12,32,34,27,51,55,36,36,65,23,30
2021-01-19,222,104,28,17,33,32,27,91,56,26,46,65,23,43
2021-01-20,226,123,17,21,32,39,38,106,52,36,41,60,15,57
2021-01-21,189,107,39,14,27,37,34,97,74,33,38,65,35,66
2021-01-22,152,87,34,14,30,44,32,88,82,35,29,65,33,61
2021-01-23,90,7,25,6,15,47,3,32,44,1,20,23,9,36
2021-01-24,124,20,1,0,22,47,0,29,22,0,22,0,7,24
2021-01-25,195,71,41,27,31,57,34,77,90,42,34,74,57,46
2021-01-26,194,89,51,35,47,56,42,93,85,49,29,89,54,44
2021-01-27,181,85,45,31,52,62,46,89,69,47,33,78,57,47
2021-01-28,180,115,49,34,50,53,43,92,63,52,37,75,52,71
2021-01-29,189,97,52,34,46,72,41,80,65,59,25,131,43,56
2021-01-30,95,16,3,0,0,56,0,11,21,5,1,24,0,17
2021-01-31,100,12,0,1,5,47,1,8,23,0,0,17,0,19
2021-02-01,205,84,30,19,46,47,44,95,64,51,28,89,45,34
2021-02-02,181,92,35,28,44,48,58,84,59,54,32,89,46,48
2021-02-03,208,99,62,37,45,57,42,87,64,56,41,87,61,46
2021-02-04,209,101,64,29,46,84,46,89,73,61,38,116,59,45
2021-02-05,203,119,72,33,41,83,52,81,73,60,28,130,69,55
2021-02-06,143,8,11,8,1,59,1,9,33,1,19,11,0,19
2021-02-07,107,11,1,7,0,53,0,17,41,1,14,11,15,11
2021-02-08,202,93,27,29,55,52,44,93,75,81,49,133,54,28
2021-02-09,196,96,44,32,68,69,51,89,85,60,46,133,53,54
2021-02-10,216,89,56,38,67,50,44,110,72,82,48,121,57,54
2021-02-11,219,105,58,28,65,97,65,128,79,84,78,153,66,44
2021-02-12,196,84,57,38,44,91,65,132,62,75,56,154,67,68
2021-02-13,82,23,26,10,0,81,5,60,43,4,32,35,8,32
2021-02-14,68,13,1,5,0,49,1,38,29,0,24,23,11,21
2021-02-15,184,122,65,27,50,65,45,86,56,42,60,143,56,44
2021-02-16,199,151,42,30,58,64,56,109,60,49,72,167,79,69
2021-02-17,219,122,23,37,66,80,47,118,92,40,75,133,72,68
2021-02-18,219,142,65,34,49,96,48,132,54,48,59,147,74,98
2021-02-19,242,108,69,33,66,84,43,116,99,43,69,150,65,79
2021-02-20,88,3,13,12,0,77,7,19,27,16,12,43,8,19
2021-02-21,109,8,1,9,0,51,0,25,28,1,18,10,5,8
2021-02-22,226,140,43,37,54,75,50,87,83,49,82,124,57,51
2021-02-23,215,117,29,36,71,74,55,103,80,56,71,132,59,82
2021-02-24,263,112,29,47,87,88,53,109,82,50,78,139,52,75
2021-02-25,233,116,78,32,113,100,65,118,70,69,77,152,68,87
2021-02-26,287,113,76,45,76,91,66,116,72,66,85,141,60,85
2021-02-27,136,11,4,13,6,66,33,24,23,0,11,52,7,24
2021-02-28,91,17,4,13,7,52,28,13,13,1,13,8,10,13
2021-03-01,238,132,47,40,60,71,72,107,71,57,79,159,70,75
2021-03-02,290,139,43,42,71,106,67,112,70,66,72,167,69,79
2021-03-03,347,139,68,73,77,113,75,133,89,99,88,149,85,96
2021-03-04,325,175,89,54,75,109,82,114,108,99,79,190,92,94
2021-03-05,289,171,93,57,78,118,80,137,103,90,106,191,86,110
2021-03-06,120,56,3,25,42,59,27,76,37,10,20,56,19,83
2021-03-07,84,62,2,22,40,61,24,76,42,10,15,60,17,84
2021-03-08,256,147,48,62,79,113,76,144,73,106,80,174,70,81
2021-03-09,323,203,74,57,87,122,72,154,89,107,74,187,72,115
2021-03-10,296,216,99,71,92,100,62,130,140,124,100,193,88,98
2021-03-11,307,239,96,68,89,111,79,144,108,107,134,196,78,120
2021-03-12,347,204,90,55,80,125,68,127,114,116,110,211,81,118
2021-03-13,147,74,25,20,47,79,27,74,48,40,50,129,16,58
2021-03-14,160,83,4,25,45,76,17,41,25,6,22,69,16,49
2021-03-15,344,233,74,60,76,117,83,154,103,78,81,184,76,79
2021-03-16,374,217,87,60,92,119,90,166,102,102,89,183,92,119
2021-03-17,377,212,107,68,92,124,72,165,120,112,92,185,100,99
2021-03-18,372,225,100,70,83,121,83,178,108,124,95,195,104,113
2021-03-19,370,216,103,72,78,143,94,169,88,113,107,205,95,138
2021-03-20,194,74,22,39,42,68,26,48,35,53,49,74,26,91
2021-03-21,142,54,1,17,10,64,26,35,38,32,35,21,23,37
2021-03-22,329,187,27,64,69,116,91,132,90,108,100,183,79,99
2021-03-23,365,193,31,67,66,165,85,132,99,93,100,191,89,113
2021-03-24,348,176,85,70,74,186,80,153,150,87,117,198,90,118
2021-03-25,364,192,126,47,79,164,74,147,128,86,101,188,96,104
2021-03-26,390,193,119,57,33,148,75,146,138,83,108,215,93,98
2021-03-27,204,42,24,19,24,84,24,59,73,25,39,76,30,58
2021-03-28,281,29,2,17,25,75,20,37,40,14,27,53,25,52
2021-03-29,344,210,74,74,40,139,76,127,108,111,94,211,88,96
2021-03-30,364,234,111,71,48,149,73,144,129,117,94,200,87,109
2021-03-31,431,235,117,96,66,149,71,158,129,119,108,203,108,124
2021-04-01,422,230,153,83,82,155,89,154,135,126,124,222,110,139
2021-04-02,197,41,75,29,61,46,46,64,64,57,67,129,29,69
2021-04-03,195,61,2,17,40,50,28,78,52,13,37,72,35,84
2021-04-04,123,30,1,22,46,51,24,80,34,10,21,39,30,51
2021-04-05,87,17,22,25,4,18,21,71,29,34,16,63,35,52
2021-04-06,397,218,91,62,55,161,74,168,128,106,81,182,82,120
2021-04-07,358,216,109,78,69,150,89,110,145,107,120,171,99,102
2021-04-08,403,248,116,77,111,144,85,184,147,110,126,202,98,122
2021-04-09,454,253,135,81,104,179,80,176,130,136,126,254,103,148
2021-04-10,172,95,72,25,64,90,39,123,71,80,77,131,54,89
2021-04-11,162,91,23,11,56,73,21,88,56,49,56,91,44,55
2021-04-12,391,231,126,76,76,161,106,145,142,123,102,233,112,110
2021-04-13,387,215,110,51,81,162,108,185,143,126,116,248,99,139
2021-04-14,410,237,112,79,120,151,94,174,156,141,128,228,116,122
2021-04-15,431,234,127,64,108,155,120,183,151,145,143,251,108,119
2021-04-16,458,234,104,77,92,167,129,198,162,147,139,272,129,133
2021-04-17,287,87,22,43,43,79,36,103,54,42,51,82,41,104
2021-04-18,158,88,28,28,26,84,22,83,57,27,41,62,41,84
2021-04-19,398,227,99,59,49,146,78,172,133,118,103,245,116,107
2021-04-20,394,222,69,54,57,157,102,155,138,113,122,211,110,123
2021-04-21,367,197,83,79,96,223,107,159,176,108,129,227,106,120
2021-04-22,425,233,134,67,101,191,108,157,166,119,119,217,111,114
2021-04-23,440,197,156,55,85,188,91,142,154,94,102,223,103,111
2021-04-24,269,78,26,20,51,76,33,62,82,53,35,71,35,80
2021-04-25,314,65,32,20,26,94,30,64,42,33,33,73,41,62
2021-04-26,348,166,98,63,54,153,81,140,135,116,84,206,112,107
2021-04-27,419,179,113,59,63,169,91,163,155,115,82,226,112,124
2021-04-28,440,200,150,63,88,170,112,186,160,150,112,261,117,126
2021-04-29,469,224,149,70,106,184,101,211,168,135,108,296,137,136
2021-04-30,399,216,102,68,98,154,92,185,149,108,101,241,103,114
2021-05-01,130,78,41,4,44,69,36,88,8,43,41,93,64,70
2021-05-02,152,56,23,31,39,63,33,63,30,34,35,76,48,60
2021-05-03,345,210,72,56,89,113,124,157,124,99,95,182,99,99
2021-05-04,371,216,127,58,81,155,118,177,126,110,117,226,134,97
2021-05-05,401,259,122,64,115,167,130,210,125,101,141,233,132,128
2021-05-06,439,268,125,55,119,183,128,171,132,114,136,254,125,132
2021-05-07,455,294,137,59,128,180,102,204,147,119,129,263,138,119
2021-05-08,211,79,42,24,47,77,47,68,39,44,43,117,53,66
2021-05-09,202,70,30,19,33,72,37,58,41,37,52,91,44,60
2021-05-10,437,233,144,53,124,169,108,196,135,99,99,276,132,116
2021-05-11,466,261,113,73,109,171,101,209,136,114,105,281,124,151
2021-05-12,450,261,143,66,135,177,119,190,172,127,148,289,156,124
2021-05-13,456,240,168,65,150,182,130,182,189,133,121,292,147,150
2021-05-14,446,271,148,51,118,171,132,196,167,151,130,285,138,158
2021-05-15,213,62,74,32,54,164,45,81,60,57,71,105,62,70
2021-05-16,180,76,30,36,37,64,35,79,53,43,79,87,46,63
2021-05-17,389,245,119,59,110,145,97,177,137,136,167,245,137,141
2021-05-18,440,283,119,94,121,199,128,217,162,151,144,262,150,146
2021-05-19,483,261,143,130,164,165,115,190,183,193,175,272,148,138
2021-05-20,512,301,168,78,194,188,133,230,183,174,171,311,163,193
2021-05-21,560,279,163,92,155,167,144,212,187,166,143,317,153,209
2021-05-22,232,90,64,37,65,107,50,107,92,71,104,132,73,131
2021-05-23,239,98,22,28,61,79,36,73,59,54,70,128,66,107
2021-05-24,440,271,151,100,103,222,130,181,181,179,149,292,157,168
2021-05-25,481,268,156,94,121,205,126,229,164,160,162,305,148,174
2021-05-26,552,332,191,137,159,198,140,219,219,192,201,329,159,187
2021-05-27,568,336,173,101,163,228,142,225,222,183,211,350,153,196
2021-05-28,574,328,175,106,178,207,132,246,211,219,227,353,163,204
2021-05-29,273,108,51,52,92,164,56,165,86,53,111,182,67,137
2021-05-30,232,117,55,41,66,137,45,118,79,56,65,115,53,118
2021-05-31,593,354,194,101,158,174,156,225,201,177,172,356,157,148
2021-06-01,566,378,192,103,148,177,167,262,205,217,177,353,170,157
2021-06-02,558,361,211,131,174,200,175,242,207,191,281,363,180,177
2021-06-03,519,373,208,97,170,199,156,207,211,209,199,392,162,181
2021-06-04,618,380,231,103,185,220,162,225,225,178,203,329,172,173
2021-06-05,284,139,67,61,113,124,54,110,113,70,89,179,93,109
2021-06-06,291,109,57,52,87,110,48,104,99,53,88,115,77,101
2021-06-07,568,343,208,116,165,268,153,245,194,172,198,357,177,168
2021-06-08,572,353,215,122,170,210,149,253,197,183,176,346,188,182
2021-06-09,588,364,239,133,181,241,165,255,261,213,248,361,165,185
2021-06-10,602,413,239,103,189,218,172,256,226,176,195,378,177,199
2021-06-11,606,374,204,108,170,216,162,225,237,202,192,405,170,180
2021-06-12,276,192,105,40,90,122,66,123,93,85,95,169,99,113
2021-06-13,310,181,82,44,83,97,57,68,106,56,77,126,59,104
2021-06-14,601,375,214,105,177,252,179,249,193,210,149,329,162,173
2021-06-15,596,404,222,121,222,187,174,241,194,197,178,365,156,183
2021-06-16,649,386,222,111,179,277,177,273,189,219,217,354,151,194
2021-06-17,637,389,195,97,185,217,181,229,184,196,206,348,149,202
2021-06-18,625,380,212,105,153,195,166,265,196,236,206,336,154,196
2021-06-19,367,199,72,44,91,125,52,90,93,97,119,181,88,116
2021-06-20,355,176,53,33,77,77,51,68,97,67,107,143,70,110
2021-06-21,603,375,177,114,150,202,176,241,197,214,176,347,169,192
2021-06-22,616,373,193,121,174,215,137,229,209,237,185,330,161,201
2021-06-23,610,353,182,213,187,209,156,229,248,244,220,359,163,183
2021-06-24,627,352,186,92,199,204,158,225,222,205,206,360,164,234
2021-06-25,578,351,185,113,143,225,144,250,194,216,212,358,171,199
2021-06-26,366,171,82,46,123,124,65,148,71,85,88,180,86,110
2021-06-27,339,172,35,41,79,84,42,92,73,74,116,137,51,85
2021-06-28,533,391,180,119,164,195,175,243,194,204,223,387,159,190
2021-06-29,624,382,185,169,207,206,141,257,188,185,218,382,157,195
2021-06-30,617,353,190,136,222,233,153,244,219,238,231,352,155,210
2021-07-01,590,361,187,102,163,216,153,234,191,191,228,371,160,261
2021-07-02,546,350,192,101,170,221,171,229,203,200,190,378,165,238
2021-07-03,315,93,50,49,47,102,55,90,100,62,97,111,63,98
2021-07-04,288,75,50,29,56,52,42,75,80,47,57,123,73,86
2021-07-05,299,102,39,48,78,47,60,86,91,35,61,120,78,87
2021-07-06,337,102,42,46,45,53,57,102,31,45,72,128,84,96
2021-07-07,541,336,163,154,176,219,185,198,233,181,193,360,158,182
2021-07-08,548,366,188,105,199,218,134,197,194,191,186,333,162,172
2021-07-09,565,350,164,114,140,196,151,215,197,187,187,341,168,194
2021-07-10,385,123,43,46,44,93,44,109,67,44,113,129,81,98
2021-07-11,347,144,54,36,42,103,43,99,63,35,60,82,61,94
2021-07-12,643,347,189,126,158,191,140,270,216,177,204,360,173,150
2021-07-13,660,360,202,90,182,203,151,246,204,211,190,342,167,158
2021-07-14,658,361,179,142,200,194,163,235,230,238,236,335,173,183
2021-07-15,660,365,193,94,199,191,141,228,206,193,184,357,167,168
2021-07-16,685,403,224,88,174,193,139,225,198,176,206,360,165,187
2021-07-17,432,161,66,45,65,85,51,97,90,56,106,126,79,99
2021-07-18,427,160,65,51,55,85,46,91,87,26,95,93,78,97
2021-07-19,634,373,194,109,153,274,155,206,170,179,198,306,184,154
2021-07-20,687,346,196,99,174,183,156,236,189,170,192,326,169,156
2021-07-21,676,365,207,135,163,239,148,263,220,171,225,313,168,161
2021-07-22,709,418,208,84,155,191,134,245,190,169,169,312,165,146
2021-07-23,606,346,147,86,172,190,143,257,191,168,185,371,161,152
2021-07-24,442,215,56,39,67,75,104,111,85,40,90,108,104,95
2021-07-25,455,237,65,33,94,68,61,95,92,32,59,87,74,86
2021-07-26,593,384,180,82,149,214,140,246,175,197,162,314,142,136
2021-07-27,619,378,158,151,199,150,192,220,197,202,131,310,147,156
2021-07-28,666,341,148,122,162,209,164,203,179,180,178,286,141,153
2021-07-29,681,335,131,80,160,169,138,186,173,185,195,265,148,195
2021-07-30,564,350,151,80,110,156,141,173,169,187,191,328,139,156
2021-07-31,446,215,58,32,80,73,33,84,114,50,76,103,62,96
2021-08-01,404,195,36,23,64,42,35,89,120,37,57,92,63,101
2021-08-02,558,295,100,75,106,164,106,212,170,167,132,288,128,120
2021-08-03,549,311,152,87,132,154,106,173,163,177,162,257,127,135
2021-08-04,521,286,106,233,148,153,117,173,178,243,165,299,122,169
2021-08-05,528,350,144,77,179,136,100,163,190,169,184,256,134,201
2021-08-06,520,341,126,94,121,153,101,170,163,208,173,291,131,182
2021-08-07,358,208,53,37,79,69,42,98,72,57,66,115,50,88
2021-08-08,361,205,39,41,72,49,52,89,80,32,64,40,55,63
2021-08-09,475,329,117,70,106,147,96,152,145,150,156,257,139,122
2021-08-10,483,311,123,74,120,113,108,177,154,143,187,287,120,125
2021-08-11,504,263,120,118,161,145,147,185,155,150,163,265,116,134
2021-08-12,476,282,172,81,115,135,73,193,138,152,153,220,139,128
2021-08-13,459,260,162,75,137,139,93,150,138,158,183,236,130,137
2021-08-14,302,111,16,32,12,46,86,80,71,25,74,78,59,94
2021-08-15,309,114,42,27,0,48,48,65,66,11,39,50,45,74
2021-08-16,476,234,128,66,105,132,98,160,141,121,161,205,120,107
2021-08-17,466,225,94,45,79,116,60,144,146,113,135,251,114,110
2021-08-18,437,240,113,55,121,156,108,164,126,125,157,271,114,133
2021-08-19,462,257,137,52,138,123,90,161,126,134,119,207,103,137
2021-08-20,465,255,147,69,122,123,97,155,117,126,169,273,116,135
2021-08-21,311,137,3,37,16,65,2,86,70,26,79,61,60,83
2021-08-22,317,149,28,27,1,51,0,69,65,31,43,46,43,79
2021-08-23,447,251,96,59,115,125,101,182,173,156,133,256,113,118
2021-08-24,422,250,113,96,134,128,88,183,143,149,122,220,104,103
2021-08-25,459,225,99,57,123,128,96,135,140,203,120,239,89,111
2021-08-26,414,202,129,49,127,111,63,146,112,133,132,217,96,111
2021-08-27,421,223,96,59,98,123,99,149,121,126,154,218,90,110
2021-08-28,281,113,3,40,43,45,39,76,65,34,72,46,46,59
2021-08-29,291,103,5,27,0,26,35,77,64,29,24,25,30,71
2021-08-30,407,223,58,71,71,128,85,135,111,104,110,249,102,96
2021-08-31,388,197,87,58,48,102,93,137,95,125,133,168,92,92
2021-09-01,408,170,53,64,68,103,84,142,98,98,113,169,81,97
2021-09-02,366,213,122,92,97,110,122,148,103,111,86,168,106,104
2021-09-03,356,193,94,67,68,127,79,138,105,132,124,265,81,102
2021-09-04,235,81,12,20,0,22,26,75,40,25,59,30,33,55
2021-09-05,223,84,32,19,1,21,24,48,38,26,23,26,23,39
2021-09-06,330,180,67,34,113,87,67,120,75,105,88,194,91,98
2021-09-07,374,148,64,75,45,88,49,131,82,89,92,151,79,91
2021-09-08,323,170,90,66,62,100,88,116,82,101,105,149,76,96
2021-09-09,352,160,94,49,55,89,52,111,97,120,83,177,90,97
2021-09-10,322,168,116,34,61,88,70,132,88,137,103,186,91,90
2021-09-11,182,78,10,23,11,1,2,52,53,38,48,26,36,68
2021-09-12,161,93,0,17,0,0,1,47,34,19,17,10,12,33
2021-09-13,336,170,60,34,100,74,82,125,75,97,89,150,76,105
2021-09-14,270,183,76,35,108,82,45,104,85,98,82,172,78,78
2021-09-15,285,149,70,41,74,90,68,131,66,130,79,164,70,87
2021-09-16,273,139,89,36,67,76,56,115,81,100,73,151,87,92
2021-09-17,290,174,80,42,104,89,63,118,89,101,105,168,79,91
2021-09-18,181,94,41,20,16,2,27,23,41,29,42,13,30,46
2021-09-19,162,76,0,17,1,2,17,21,47,17,20,7,13,46
2021-09-20,297,164,27,41,75,78,52,117,72,96,80,160,67,77
2021-09-21,335,152,60,63,63,82,43,115,68,86,116,138,69,88
2021-09-22,294,141,56,41,60,74,66,119,73,85,133,158,55,87
2021-09-23,338,160,119,39,61,66,57,139,93,88,91,128,88,89
2021-09-24,314,182,90,42,74,78,75,132,100,107,122,222,64,76
2021-09-25,179,67,36,30,2,30,22,14,35,26,44,25,32,43
2021-09-26,170,63,25,13,1,24,17,9,30,5,21,6,13,28
2021-09-27,315,159,38,39,69,81,63,129,60,122,84,130,74,86
2021-09-28,84,25,3,12,7,2,2,42,1,17,26,10,2,29
2021-09-29,348,175,66,61,57,116,50,127,82,111,106,170,73,85
2021-09-30,354,171,105,38,82,87,61,144,110,100,83,168,86,101
2021-10-01,305,192,106,45,84,94,74,129,91,100,111,227,86,94
2021-10-02,170,72,1,19,5,1,0,14,27,35,46,40,30,39
2021-10-03,132,63,3,20,2,1,6,22,36,14,16,6,10,22
2021-10-04,321,164,55,45,69,116,70,131,61,102,86,155,78,94
2021-10-05,289,187,37,37,71,83,35,124,89,99,91,187,91,66
2021-10-06,291,163,78,29,49,118,57,120,86,140,86,194,78,82
2021-10-07,348,178,79,43,58,87,68,144,91,125,71,139,95,94
2021-10-08,312,196,91,35,79,92,79,140,86,142,102,177,78,103
2021-10-09,181,76,31,21,1,3,24,19,40,26,42,22,40,34
2021-10-10,140,58,23,20,0,3,16,15,19,9,14,6,10,35
2021-10-11,302,170,50,40,44,79,72,141,70,125,88,170,57,94
2021-10-12,317,170,33,37,61,93,60,126,80,127,104,176,86,69
2021-10-13,288,170,74,40,34,101,54,131,95,130,103,216,72,111
2021-10-14,315,169,105,30,100,82,67,140,88,91,74,167,88,87
2021-10-15,344,204,107,45,85,99,71,158,90,118,123,207,93,92
2021-10-16,182,98,38,16,3,32,26,17,41,27,47,14,37,43
2021-10-17,151,96,47,18,0,7,17,26,30,12,36,8,17,31
2021-10-18,334,184,67,46,64,93,73,144,70,139,94,191,92,114
2021-10-19,283,188,60,59,52,83,56,137,70,103,103,170,98,91
2021-10-20,366,235,83,47,83,121,81,154,91,172,128,240,97,109
2021-10-21,426,235,104,53,127,95,80,179,119,163,95,228,126,138
2021-10-22,453,268,133,47,66,126,102,172,113,185,160,222,102,133
2021-10-23,298,124,39,28,2,2,1,42,70,29,79,41,69,85
2021-10-24,268,127,21,28,1,1,0,41,70,16,42,1,35,58
2021-10-25,476,251,104,73,80,147,97,182,100,185,125,215,123,145
2021-10-26,527,283,97,68,113,118,88,206,128,177,135,234,122,125
2021-10-27,525,308,133,51,118,170,101,222,136,214,166,327,145,164
2021-10-28,201,65,76,3,34,3,30,100,62,49,64,58,33,64
2021-10-29,484,259,122,46,112,130,111,178,143,172,173,260,123,131
2021-10-30,272,127,46,34,2,22,37,54,71,63,93,40,34,75
2021-10-31,270,135,40,30,2,47,41,41,52,36,56,22,35,50
2021-11-01,529,287,155,70,124,129,125,209,153,230,156,287,156,153
2021-11-02,562,331,137,71,139,156,103,199,144,186,141,259,146,145
2021-11-03,517,291,139,78,120,193,96,199,164,221,160,325,152,151
2021-11-04,549,308,157,70,146,160,104,228,180,247,149,306,154,178
2021-11-05,543,326,158,85,162,179,154,229,170,228,170,352,161,184
2021-11-06,321,172,65,38,26,81,49,102,82,65,106,96,68,78
2021-11-07,290,154,31,33,14,35,37,60,65,44,70,44,31,68
2021-11-08,515,283,126,70,152,172,117,223,138,200,187,294,155,165
2021-11-09,532,294,128,65,125,162,126,236,140,209,161,339,158,150
2021-11-10,498,288,141,65,134,187,96,218,154,266,145,327,146,176
2021-11-11,585,293,153,67,132,146,117,221,160,209,154,310,155,171
2021-11-12,593,337,167,68,139,207,137,243,162,222,194,347,145,149
2021-11-13,322,185,59,38,25,52,35,88,74,97,87,76,66,94
2021-11-14,317,162,21,34,0,17,44,67,73,61,73,35,33,98
2021-11-15,543,294,134,66,133,181,141,226,143,223,184,308,167,167
2021-11-16,588,343,156,103,129,183,111,224,179,245,161,364,175,185
2021-11-17,355,183,52,17,28,42,22,118,71,51,73,110,11,89
2021-11-18,599,384,150,76,119,168,132,231,161,243,199,337,154,187
2021-11-19,603,370,183,99,165,202,147,239,169,280,225,371,173,174
2021-11-20,350,208,123,45,6,85,64,105,92,92,116,84,72,123
2021-11-21,345,196,53,43,25,37,52,83,67,89,100,49,43,94
2021-11-22,641,354,188,92,162,202,152,224,196,206,173,332,188,177
2021-11-23,655,346,175,93,161,198,137,238,192,227,173,381,184,184
2021-11-24,638,314,194,104,167,226,127,254,194,260,200,386,182,178
2021-11-25,618,360,184,70,187,190,174,252,210,201,195,385,177,203
2021-11-26,618,364,183,89,187,207,181,234,221,249,211,374,201,192
2021-11-27,350,187,116,47,73,87,86,128,86,141,105,125,86,109
2021-11-28,302,152,53,34,28,43,60,88,79,83,85,58,33,92
2021-11-29,592,312,143,75,168,227,162,237,188,229,195,332,187,197
2021-11-30,632,347,178,81,151,177,134,209,190,210,192,388,181,184
2021-12-01,591,332,172,106,180,220,135,237,201,264,223,361,165,167
2021-12-02,617,338,192,89,180,199,161,258,210,258,187,347,162,223
2021-12-03,618,331,201,94,149,190,165,240,193,261,221,383,184,217
2021-12-04,327,176,89,37,68,77,57,140,72,108,97,148,76,103
2021-12-05,298,137,60,36,37,52,55,97,79,70,77,75,55,77
2021-12-06,566,316,164,96,172,201,148,201,198,214,208,295,166,186
2021-12-07,613,344,181,82,168,185,136,239,184,244,199,366,156,199
2021-12-08,523,307,191,90,159,174,121,223,212,193,183,304,149,147
2021-12-09,566,316,180,79,166,194,159,243,194,234,178,322,165,194
2021-12-10,585,330,201,86,178,196,175,231,204,233,214,345,163,190
2021-12-11,337,185,99,39,58,91,60,118,71,118,104,136,69,110
2021-12-12,333,168,88,37,51,79,52,100,78,90,75,67,54,85
2021-12-13,561,310,176,65,139,211,161,203,187,191,162,313,169,165
2021-12-14,560,360,159,100,147,215,153,229,184,237,176,425,151,188
2021-12-15,551,304,177,93,149,210,139,233,193,243,190,354,149,181
2021-12-16,591,340,172,76,179,192,149,248,204,245,198,350,178,225
2021-12-17,597,346,227,85,172,190,168,245,209,231,211,371,204,196
2021-12-18,416,195,116,34,134,102,66,117,89,88,108,153,85,125
2021-12-19,401,188,49,31,73,45,49,103,77,75,83,75,52,94
2021-12-20,609,349,181,87,193,217,164,270,181,219,199,389,185,184
2021-12-21,627,362,184,96,191,167,147,230,192,246,196,365,179,196
2021-12-22,542,300,198,95,148,199,132,236,189,183,181,333,179,181
2021-12-23,446,255,86,56,98,108,82,178,127,139,121,206,158,145
2021-12-24,47,12,1,0,1,2,0,55,2,2,1,7,1,3
2021-12-25,8,4,3,1,0,2,0,3,3,0,0,3,1,2
2021-12-26,83,28,7,3,4,4,2,55,28,2,1,7,4,5
2021-12-27,527,276,157,79,152,178,122,201,139,185,174,260,177,181
2021-12-28,526,317,178,73,135,175,120,235,170,155,201,285,142,177
2021-12-29,525,301,179,75,153,168,123,209,184,169,189,301,144,156
2021-12-30,505,311,129,113,154,136,106,218,149,154,150,245,158,167
2021-12-31,258,106,38,41,11,21,40,76,63,60,54,92,47,85
2022-01-01,4,4,2,9,1,0,0,4,1,3,0,2,3,1
2022-01-02,398,176,2,24,24,36,2,113,65,15,16,35,0,72
2022-01-03,569,326,162,82,156,170,133,211,150,254,203,327,156,167
2022-01-04,588,389,196,115,185,186,157,234,220,243,184,340,159,192
2022-01-05,642,375,195,131,198,238,169,227,249,254,249,401,168,208
2022-01-06,627,416,188,112,180,184,162,288,225,222,181,339,185,204
2022-01-07,650,413,229,92,213,219,174,276,218,239,243,366,193,213
2022-01-08,511,251,89,37,115,88,45,112,88,156,108,130,74,104
2022-01-09,461,223,70,26,31,43,40,88,83,98,79,70,70,84
2022-01-10,598,368,215,104,205,219,178,262,176,246,184,332,179,195
2022-01-11,624,442,242,112,203,210,150,274,214,253,192,410,190,213
2022-01-12,580,448,232,153,197,213,156,223,223,276,217,410,172,198
2022-01-13,555,413,203,108,203,183,153,293,255,207,285,387,186,202
2022-01-14,574,394,202,91,209,179,156,301,213,226,232,337,158,189
2022-01-15,347,202,56,20,60,48,47,96,103,126,92,129,56,102
2022-01-16,362,157,55,10,24,32,37,78,86,70,55,51,47,50
2022-01-17,536,328,170,110,169,196,136,207,167,204,163,319,139,178
2022-01-18,536,397,174,106,153,176,140,250,174,168,189,348,141,187
2022-01-19,462,354,163,114,158,214,141,253,181,180,192,298,143,170
2022-01-20,540,366,189,96,151,162,129,231,190,187,160,306,142,184
2022-01-21,497,331,162,87,139,155,131,228,169,230,207,315,153,164
2022-01-22,310,146,6,21,31,6,42,60,44,81,82,101,38,76
2022-01-23,315,109,64,20,2,19,21,73,50,40,43,27,34,41
2022-01-24,457,284,116,69,145,139,125,191,133,166,156,289,126,185
2022-01-25,418,313,144,86,133,164,118,212,153,131,141,304,99,184
2022-01-26,438,297,130,90,150,178,103,186,147,205,179,300,146,146
2022-01-27,456,320,123,87,109,165,110,230,158,170,142,320,135,182
2022-01-28,474,325,178,72,142,144,146,225,138,194,195,328,173,169
2022-01-29,302,154,46,29,38,59,32,56,50,63,69,110,36,71
2022-01-30,246,107,9,19,8,2,30,38,49,35,33,22,19,31
2022-01-31,424,270,101,81,116,159,104,173,112,163,142,267,132,151
2022-02-01,410,278,110,115,103,125,135,200,124,114,138,275,110,151
2022-02-02,394,269,124,97,133,171,101,169,125,132,167,264,112,142
2022-02-03,360,268,129,82,101,129,71,194,156,134,135,262,102,146
2022-02-04,440,292,151,64,119,117,112,209,121,176,152,255,131,142
2022-02-05,177,126,46,19,15,17,28,47,28,32,47,73,31,54
2022-02-06,136,109,2,0,0,3,29,41,33,0,15,24,19,33
2022-02-07,317,208,97,67,65,112,92,134,88,112,92,219,73,139
2022-02-08,306,224,96,65,102,144,88,137,108,102,95,216,71,133
2022-02-09,294,203,83,105,102,150,90,134,102,113,136,212,71,118
2022-02-10,293,228,103,72,99,96,68,180,127,108,117,236,74,106
2022-02-11,317,297,127,62,112,100,122,190,98,127,127,207,112,145
2022-02-12,116,103,2,13,5,3,28,38,3,26,37,46,14,53
2022-02-13,91,50,48,0,7,0,0,37,35,8,3,18,11,19
2022-02-14,286,183,76,72,80,93,59,120,70,84,88,163,70,86
2022-02-15,244,184,91,73,85,120,59,134,93,83,83,184,63,82
2022-02-16,256,162,78,78,81,130,54,128,97,116,93,164,38,98
2022-02-17,238,193,91,76,71,96,48,153,98,100,96,200,85,85
2022-02-18,280,199,86,57,77,88,86,168,94,103,115,198,112,106
2022-02-19,111,69,31,10,1,35,20,39,28,12,20,41,10,35
2022-02-20,85,44,10,1,0,0,1,42,27,0,2,15,6,2
2022-02-21,222,130,49,45,72,70,60,121,47,94,84,133,59,101
2022-02-22,241,155,73,42,68,76,54,109,59,48,85,139,65,86
2022-02-23,218,148,81,62,55,98,60,101,55,67,93,146,58,104
2022-02-24,211,178,63,65,54,52,54,132,76,77,78,159,62,114
2022-02-25,253,164,105,35,67,91,54,150,84,113,127,177,97,98
2022-02-26,91,79,2,6,5,11,15,36,24,11,26,12,8,55
2022-02-27,68,33,1,0,0,1,0,22,18,7,0,13,5,0
2022-02-28,202,118,34,42,28,53,66,104,51,54,67,133,51,84
2022-03-01,147,121,39,61,59,30,26,92,31,41,44,151,31,60
2022-03-02,165,120,39,28,60,65,39,92,41,69,76,130,31,75
2022-03-03,154,152,60,31,41,40,35,117,64,43,56,154,46,56
2022-03-04,215,156,68,31,59,82,55,142,78,67,83,175,71,88
2022-03-05,65,27,0,0,0,0,4,20,2,14,25,24,9,32
2022-03-06,36,0,1,0,0,0,1,17,0,2,1,19,1,2
2022-03-07,171,88,36,32,24,54,47,70,36,72,58,100,25,66
2022-03-08,128,90,47,18,69,41,49,74,45,51,46,110,44,24
2022-03-09,183,116,37,27,43,64,45,90,63,82,51,113,33,63
2022-03-10,138,146,66,44,52,22,21,97,74,46,53,140,34,42
2022-03-11,186,101,78,37,53,83,43,143,72,77,82,164,80,89
2022-03-12,41,56,21,0,1,21,0,22,0,16,26,23,15,30
2022-03-13,39,4,0,0,0,1,1,15,0,0,5,14,0,0
2022-03-14,164,97,24,26,31,53,27,50,25,39,57,103,24,74
2022-03-15,161,102,62,25,53,34,32,59,54,39,45,101,25,26
2022-03-16,148,107,44,38,46,41,42,82,41,29,63,72,39,50
2022-03-17,154,114,59,13,27,36,27,78,57,52,53,134,34,36
2022-03-18,176,155,68,27,48,85,43,129,58,70,85,163,72,106
2022-03-19,52,34,0,0,0,0,1,3,0,16,20,18,13,14
2022-03-20,40,3,0,0,1,1,0,4,0,0,5,18,0,1
2022-03-21,120,96,33,33,16,13,40,58,15,36,62,75,18,67
2022-03-22,142,98,28,40,46,24,21,48,21,36,43,107,22,64
2022-03-23,152,116,30,25,35,27,32,72,56,49,41,76,30,39
2022-03-24,117,127,70,27,27,39,15,82,67,40,59,110,38,39
2022-03-25,204,136,59,35,49,65,53,98,65,75,88,151,76,88
2022-03-26,58,27,1,0,0,0,0,6,1,12,26,9,14,18
2022-03-27,27,4,0,1,0,0,1,1,0,0,2,13,0,1
2022-03-28,159,81,21,19,14,24,31,62,20,47,58,96,20,52
2022-03-29,148,109,22,22,71,23,29,59,23,31,41,93,50,47
2022-03-30,181,103,34,39,24,72,39,82,55,32,44,95,23,45
2022-03-31,128,114,65,21,14,53,27,85,75,44,43,137,39,33
2022-04-01,171,112,86,45,29,97,39,96,31,60,85,167,71,95
2022-04-02,57,36,18,0,0,12,0,0,0,23,25,15,17,15
2022-04-03,34,0,0,0,0,0,0,4,2,1,6,22,0,1
2022-04-04,120,68,16,11,47,21,23,56,15,19,54,99,12,54
2022-04-05,136,71,15,11,50,16,13,36,24,37,29,94,26,22
2022-04-06,130,94,21,21,35,38,39,71,41,26,53,92,23,30
2022-04-07,117,133,69,17,16,41,15,61,56,53,45,97,34,44
2022-04-08,187,124,44,34,55,75,42,108,36,68,74,154,68,91
2022-04-09,58,33,1,0,0,0,5,4,0,19,19,20,13,26
2022-04-10,28,2,0,1,0,0,0,2,0,1,3,11,0,0
2022-04-11,130,84,26,14,12,16,37,43,12,23,49,87,19,62
2022-04-12,138,79,35,12,59,39,23,34,23,30,43,93,29,25
2022-04-13,149,106,20,31,21,65,30,66,52,36,33,121,27,31
2022-04-14,154,137,74,18,22,37,30,93,58,52,39,90,49,25
2022-04-15,11,23,1,10,0,0,0,0,3,13,0,17,0,14
2022-04-16,0,28,0,1,0,0,1,0,3,11,17,23,16,20
2022-04-17,1,0,0,1,0,0,0,0,0,1,1,21,0,0
2022-04-18,7,2,0,0,0,1,0,2,8,7,3,1,0,0
2022-04-19,143,75,20,13,59,24,20,52,16,35,46,72,12,35
2022-04-20,142,106,18,28,17,28,34,78,43,36,41,84,38,28
2022-04-21,139,120,55,11,22,24,22,64,52,23,46,123,44,27
2022-04-22,169,120,54,25,54,73,51,78,32,54,79,146,78,99
2022-04-23,51,26,25,0,0,0,5,0,0,13,15,19,12,25
2022-04-24,28,1,0,0,0,0,0,1,1,0,3,18,0,0
2022-04-25,110,62,6,3,33,35,28,53,9,37,44,71,12,55
2022-04-26,119,72,16,25,51,24,8,41,30,42,30,81,18,22
2022-04-27,123,108,9,30,16,38,49,69,53,35,41,86,12,32
2022-04-28,87,104,61,18,15,33,6,75,53,33,48,76,39,31
2022-04-29,189,111,40,33,42,75,34,77,42,56,83,147,61,82
2022-04-30,55,34,19,0,0,0,0,2,0,19,13,13,10,13
2022-05-01,26,0,0,0,0,0,0,0,0,1,5,17,1,1
2022-05-02,108,60,14,2,6,19,23,53,14,27,31,84,17,27
2022-05-03,116,76,22,16,42,20,7,34,29,41,29,79,22,21
2022-05-04,120,74,8,20,32,16,46,50,46,23,31,77,32,34
2022-05-05,100,100,38,16,14,28,31,69,43,48,28,57,24,30
2022-05-06,156,94,73,23,29,54,29,67,23,53,53,118,64,84
2022-05-07,52,21,1,0,0,0,0,0,0,12,9,13,15,0
2022-05-08,16,1,0,1,0,0,2,0,0,0,2,1,0,0
2022-05-09,97,46,7,7,3,22,31,36,5,15,37,61,3,34
2022-05-10,92,61,29,10,45,27,10,53,38,42,39,66,28,28
2022-05-11,129,70,17,28,30,34,56,73,31,21,27,81,30,24
2022-05-12,100,102,43,12,9,37,22,56,51,38,45,93,17,21
2022-05-13,129,95,50,21,33,58,41,64,29,52,48,110,56,79
2022-05-14,41,24,26,0,0,0,4,0,1,9,14,9,11,0
2022-05-15,28,5,0,0,0,0,0,0,4,2,4,10,0,0
2022-05-16,80,54,13,4,12,20,25,45,13,20,36,69,15,25
2022-05-17,103,48,13,14,38,10,13,36,40,51,30,53,7,10
2022-05-18,120,72,14,25,34,45,34,67,50,23,43,68,10,27
2022-05-19,77,96,26,6,15,27,14,64,42,26,41,65,44,22
2022-05-20,152,89,48,27,20,63,35,77,23,48,62,123,68,85
2022-05-21,44,23,1,0,0,0,0,0,0,9,14,14,12,1
2022-05-22,30,0,0,0,0,0,0,0,0,0,5,15,2,0
2022-05-23,87,38,52,4,9,31,19,53,6,17,29,77,6,36
2022-05-24,94,59,23,11,38,2,5,16,32,32,26,62,15,24
2022-05-25,117,61,6,17,26,30,30,57,53,32,42,65,39,35
2022-05-26,84,85,32,16,12,27,8,53,32,21,21,65,20,34
2022-05-27,136,92,36,17,26,57,42,73,39,60,63,121,52,80
2022-05-28,42,21,14,0,0,0,8,0,0,12,11,10,11,0
2022-05-29,25,1,0,0,0,0,0,0,0,0,2,17,0,0
2022-05-30,80,45,8,5,9,14,19,40,4,19,36,66,12,27
2022-05-31,101,55,27,45,44,18,15,35,31,26,21,50,9,8
2022-06-01,94,60,6,23,5,17,32,71,35,10,22,57,27,15
2022-06-02,75,74,9,10,14,20,18,36,36,21,35,95,32,16
2022-06-03,98,70,61,29,25,56,49,59,24,37,43,92,51,83
2022-06-04,42,16,21,1,1,0,0,0,0,7,12,9,10,1
2022-06-05,27,5,0,0,0,0,0,0,0,0,1,12,1,0
2022-06-06,65,49,35,4,17,9,12,43,9,15,21,64,13,34
2022-06-07,92,39,13,11,23,6,18,31,31,18,23,47,11,12
2022-06-08,111,45,24,16,17,26,45,54,38,23,24,64,19,28
2022-06-09,66,66,35,8,21,20,12,33,25,38,25,58,27,14
2022-06-10,97,70,30,14,23,39,35,55,12,44,48,88,42,72
2022-06-11,34,18,2,0,0,0,0,1,0,7,6,7,12,0
2022-06-12,21,1,0,0,0,0,0,0,2,0,1,7,0,0
2022-06-13,75,49,8,1,8,6,28,45,4,21,22,55,11,30
2022-06-14,76,54,9,14,32,4,3,23,29,17,16,52,11,7
2022-06-15,78,48,11,14,16,28,24,52,33,13,26,46,32,21
2022-06-16,59,73,9,4,12,20,0,32,31,25,29,81,14,14
2022-06-17,113,65,34,11,18,38,22,37,14,21,46,92,33,63
2022-06-18,29,10,0,0,0,0,0,0,0,9,2,7,4,0
2022-06-19,22,0,0,0,0,0,0,0,0,0,2,6,0,0
2022-06-20,57,38,12,4,2,7,12,30,1,9,22,58,13,31
2022-06-21,65,42,8,9,32,14,6,17,28,31,13,39,4,12
2022-06-22,87,38,9,7,30,13,34,51,35,17,22,37,31,27
2022-06-23,53,58,30,7,8,18,2,25,22,26,20,66,16,14
2022-06-24,99,66,43,27,25,35,27,40,27,33,41,63,34,56
2022-06-25,33,17,28,0,0,0,2,0,0,6,5,8,10,0
2022-06-26,21,0,0,0,0,0,0,0,0,0,3,12,0,0
2022-06-27,69,37,7,1,9,7,21,45,5,22,24,53,16,21
2022-06-28,59,34,15,11,22,4,16,20,35,19,21,53,5,1
2022-06-29,96,49,21,13,10,26,25,44,40,13,25,54,23,19
2022-06-30,77,59,25,5,15,24,10,36,34,23,31,61,15,14
2022-07-01,91,67,34,9,14,40,17,46,6,29,49,88,29,63
2022-07-02,28,0,1,0,0,0,1,0,0,6,8,0,9,0
2022-07-03,27,1,0,0,0,1,0,0,0,0,2,0,0,0
2022-07-04,74,49,21,1,4,6,17,38,5,19,5,48,3,15
2022-07-05,4,7,0,0,1,0,0,0,0,1,3,20,0,0
2022-07-06,3,1,0,1,0,0,0,0,1,0,3,14,0,5
2022-07-07,82,57,18,2,5,6,8,28,24,12,22,58,13,6
2022-07-08,90,75,27,10,36,34,32,37,4,27,43,71,35,49
2022-07-09,29,0,0,0,0,0,0,0,1,8,9,1,1,0
2022-07-10,25,0,0,0,0,0,0,0,0,1,2,6,0,0
2022-07-11,82,61,9,2,5,12,12,33,9,13,24,71,9,27
2022-07-12,83,45,11,29,37,9,14,14,24,33,15,49,9,3
2022-07-13,92,53,4,12,19,12,29,67,35,12,34,51,43,22
2022-07-14,61,67,8,22,15,13,4,27,20,34,25,63,12,16
2022-07-15,113,106,23,15,26,55,47,48,12,42,48,92,32,69
2022-07-16,31,1,35,0,0,0,0,0,0,8,11,0,12,0
2022-07-17,28,1,1,0,0,0,0,0,0,0,1,2,1,0
2022-07-18,141,104,9,9,6,17,13,61,13,23,44,79,27,43
2022-07-19,154,75,18,16,40,6,23,31,31,40,31,78,25,9
2022-07-20,178,103,15,27,18,33,35,75,60,28,44,99,43,33
2022-07-21,168,94,52,14,37,38,22,72,29,44,44,131,42,37
2022-07-22,175,148,54,19,47,80,47,78,41,69,76,153,61,102
2022-07-23,42,12,0,0,1,9,0,1,0,23,18,0,16,0
2022-07-24,41,0,0,0,0,0,0,0,0,0,7,2,0,1
2022-07-25,168,67,31,9,15,29,11,61,23,53,56,89,32,51
2022-07-26,164,97,25,37,67,34,16,38,38,61,45,112,33,32
2022-07-27,182,119,24,26,37,27,39,83,57,53,43,112,47,40
2022-07-28,140,108,50,14,39,40,28,63,28,74,43,109,51,47
2022-07-29,173,135,28,25,27,70,54,74,27,73,76,132,66,100
2022-07-30,34,11,38,0,0,0,0,1,0,22,12,20,11,0
2022-07-31,38,1,0,0,0,2,0,0,2,0,5,21,0,0
2022-08-01,127,76,15,16,11,21,17,44,23,34,57,87,35,43
2022-08-02,134,88,23,8,64,33,27,48,45,57,36,113,29,52
2022-08-03,148,86,25,31,44,25,50,82,48,81,48,100,47,54
2022-08-04,131,124,56,22,54,54,38,80,47,49,35,121,49,47
2022-08-05,119,128,61,19,66,74,62,69,28,60,76,169,70,102
2022-08-06,21,22,30,0,1,0,0,0,1,10,14,24,9,0
2022-08-07,21,0,1,0,0,0,0,6,0,0,6,15,0,0
2022-08-08,146,86,29,25,18,27,22,47,25,35,32,81,51,51
2022-08-09,117,104,28,18,51,48,23,61,88,48,34,85,30,43
2022-08-10,142,97,35,27,38,60,43,107,35,60,51,98,31,36
2022-08-11,110,105,51,26,54,51,32,53,53,57,47,115,34,37
2022-08-12,130,100,55,26,41,68,64,78,49,63,75,135,53,97
2022-08-13,26,16,1,1,0,0,0,0,1,21,13,19,9,0
2022-08-14,20,2,0,0,0,1,0,0,0,0,4,13,0,0
2022-08-15,126,91,28,28,33,38,17,58,21,31,35,106,25,52
2022-08-16,135,91,30,12,54,43,36,67,52,40,46,103,44,47
2022-08-17,143,95,37,20,45,46,38,79,43,44,42,103,45,47
2022-08-18,133,111,42,28,34,49,32,90,44,63,41,161,44,43
2022-08-19,154,110,43,27,33,64,62,78,37,79,68,120,52,93
2022-08-20,20,15,32,0,1,0,1,3,3,26,13,14,9,12
2022-08-21,25,6,14,0,0,1,0,0,0,1,1,16,0,0
2022-08-22,125,87,29,17,54,41,23,50,29,26,56,89,40,51
2022-08-23,124,90,36,37,56,39,46,56,48,61,43,95,27,45
2022-08-24,128,95,30,34,53,47,54,80,40,55,52,120,48,71
2022-08-25,129,105,38,41,53,58,34,66,43,65,44,119,45,53
2022-08-26,148,104,52,21,53,93,61,72,38,75,79,129,52,87
2022-08-27,25,20,35,0,0,0,0,1,0,19,21,13,4,5
2022-08-28,32,0,1,0,1,0,0,0,0,4,2,14,1,1
2022-08-29,122,92,41,17,25,36,22,58,17,44,27,93,36,52
2022-08-30,96,100,40,27,61,46,46,66,62,43,37,84,48,55
2022-08-31,127,87,43,26,36,50,39,79,42,34,42,115,43,56
2022-09-01,104,101,63,22,44,44,22,65,46,47,30,116,39,49
2022-09-02,119,99,62,21,45,79,42,59,50,57,64,124,36,87
2022-09-03,22,15,2,0,0,0,0,0,0,10,9,12,9,3
2022-09-04,15,1,1,0,0,0,0,0,0,0,1,16,0,0
2022-09-05,93,64,43,27,22,24,19,67,43,32,41,111,30,60
2022-09-06,99,84,39,32,48,31,28,65,46,40,37,97,35,51
2022-09-07,109,96,36,27,34,49,36,86,45,37,51,95,32,52
2022-09-08,135,96,51,23,42,72,26,51,39,53,39,154,49,50
2022-09-09,143,106,60,23,36,49,42,70,44,64,82,115,53,69
2022-09-10,21,19,3,2,0,0,6,0,0,5,8,16,13,0
2022-09-11,14,1,0,0,0,0,0,0,0,0,2,6,0,0
2022-09-12,130,90,37,17,30,32,26,60,26,50,61,75,40,48
2022-09-13,143,110,65,21,60,38,29,86,64,70,35,98,62,45
2022-09-14,160,110,36,28,61,64,37,114,48,53,148,96,33,61
2022-09-15,154,126,74,17,63,60,52,99,123,76,78,125,36,66
2022-09-16,201,144,70,33,53,71,60,132,42,71,114,173,64,93
2022-09-17,33,23,51,0,0,0,0,1,2,8,11,19,12,2
2022-09-18,35,0,10,0,0,0,0,1,0,0,2,11,1,2
2022-09-19,126,94,53,35,24,46,45,73,47,59,54,117,43,61
2022-09-20,169,128,46,46,73,48,46,69,82,63,41,128,47,50
2022-09-21,186,122,64,32,69,67,40,91,57,59,74,131,43,68
2022-09-22,155,121,61,20,63,60,37,88,59,76,61,121,45,84
