date,vaccine,pocet_davek,total_vaccinations
2020-12-27,Pfizer/BioNTech,1286,1286
2020-12-28,Pfizer/BioNTech,2303,3589
2020-12-29,Pfizer/BioNTech,3471,7060
2020-12-30,Pfizer/BioNTech,3517,10577
2020-12-31,Pfizer/BioNTech,1313,11890
2021-01-01,Moderna,1,1
2021-01-01,Pfizer/BioNTech,270,12160
2021-01-02,Pfizer/BioNTech,1285,13445
2021-01-02,Moderna,2,3
2021-01-03,Moderna,1,4
2021-01-03,Pfizer/BioNTech,926,14371
2021-01-04,Moderna,8,12
2021-01-04,Pfizer/BioNTech,3599,17970
2021-01-05,Moderna,3,15
2021-01-05,Pfizer/BioNTech,4516,22486
2021-01-06,Pfizer/BioNTech,5842,28328
2021-01-06,Moderna,3,18
2021-01-07,Pfizer/BioNTech,7996,36324
2021-01-07,Moderna,3,21
2021-01-08,Moderna,1,22
2021-01-08,Pfizer/BioNTech,10052,46376
2021-01-09,Moderna,2,24
2021-01-09,Pfizer/BioNTech,2026,48402
2021-01-10,Pfizer/BioNTech,1774,50176
2021-01-11,Moderna,1,25
2021-01-11,Pfizer/BioNTech,9857,60033
2021-01-12,Moderna,4,29
2021-01-12,Pfizer/BioNTech,13454,73487
2021-01-13,Moderna,2,31
2021-01-13,Pfizer/BioNTech,13544,87031
2021-01-14,Moderna,1232,1263
2021-01-14,Pfizer/BioNTech,14021,101052
2021-01-15,Moderna,771,2034
2021-01-15,Pfizer/BioNTech,13251,114303
2021-01-16,Pfizer/BioNTech,3079,117382
2021-01-16,Moderna,328,2362
2021-01-17,Moderna,97,2459
2021-01-17,Pfizer/BioNTech,3158,120540
2021-01-18,Moderna,181,2640
2021-01-18,Pfizer/BioNTech,14135,134675
2021-01-19,Moderna,782,3422
2021-01-19,Pfizer/BioNTech,14557,149232
2021-01-20,Moderna,1588,5010
2021-01-20,Pfizer/BioNTech,14774,164006
2021-01-21,Pfizer/BioNTech,16427,180433
2021-01-21,Moderna,967,5977
2021-01-22,Moderna,205,6182
2021-01-22,Pfizer/BioNTech,15727,196160
2021-01-23,Moderna,42,6224
2021-01-23,Pfizer/BioNTech,4156,200316
2021-01-24,Moderna,124,6348
2021-01-24,Pfizer/BioNTech,3002,203318
2021-01-25,Pfizer/BioNTech,12418,215736
2021-01-25,Moderna,201,6549
2021-01-26,Moderna,280,6829
2021-01-26,Pfizer/BioNTech,14252,229988
2021-01-27,Moderna,307,7136
2021-01-27,Pfizer/BioNTech,13254,243242
2021-01-28,Moderna,126,7262
2021-01-28,Pfizer/BioNTech,13115,256357
2021-01-29,Indie/AstraZeneca,1,1
2021-01-29,Moderna,155,7417
2021-01-29,Pfizer/BioNTech,13970,270327
2021-01-30,Moderna,4,7421
2021-01-30,Pfizer/BioNTech,1825,272152
2021-01-31,Moderna,5,7426
2021-01-31,Pfizer/BioNTech,1896,274048
2021-02-01,Moderna,264,7690
2021-02-01,Pfizer/BioNTech,11686,285734
2021-02-02,Pfizer/BioNTech,14064,299798
2021-02-02,Moderna,333,8023
2021-02-03,Moderna,744,8767
2021-02-03,Pfizer/BioNTech,14701,314499
2021-02-04,Moderna,1146,9913
2021-02-04,Pfizer/BioNTech,16750,331249
2021-02-05,Moderna,1198,11111
2021-02-05,Pfizer/BioNTech,14948,346197
2021-02-06,Pfizer/BioNTech,2950,349147
2021-02-06,Oxford/AstraZeneca,7,7
2021-02-06,Moderna,266,11377
2021-02-07,Moderna,265,11642
2021-02-07,Oxford/AstraZeneca,1,8
2021-02-07,Pfizer/BioNTech,3084,352231
2021-02-08,Moderna,918,12560
2021-02-08,Oxford/AstraZeneca,7,15
2021-02-08,Pfizer/BioNTech,14592,366823
2021-02-09,Pfizer/BioNTech,15355,382178
2021-02-09,Oxford/AstraZeneca,2,17
2021-02-09,Moderna,1666,14226
2021-02-10,Moderna,1765,15991
2021-02-10,Oxford/AstraZeneca,5,22
2021-02-10,Pfizer/BioNTech,17010,399188
2021-02-11,Moderna,3393,19384
2021-02-11,Oxford/AstraZeneca,235,257
2021-02-11,Pfizer/BioNTech,18931,418119
2021-02-12,Pfizer/BioNTech,18850,436969
2021-02-12,Oxford/AstraZeneca,412,669
2021-02-12,Moderna,2307,21691
2021-02-13,Moderna,503,22194
2021-02-13,Oxford/AstraZeneca,445,1114
2021-02-13,Pfizer/BioNTech,3657,440626
2021-02-14,Moderna,251,22445
2021-02-14,Oxford/AstraZeneca,205,1319
2021-02-14,Pfizer/BioNTech,1937,442563
2021-02-15,Pfizer/BioNTech,13595,456158
2021-02-15,Oxford/AstraZeneca,752,2071
2021-02-15,Moderna,1421,23866
2021-02-16,Moderna,2485,26351
2021-02-16,Oxford/AstraZeneca,1179,3250
2021-02-16,Pfizer/BioNTech,14134,470292
2021-02-17,Moderna,2754,29105
2021-02-17,Oxford/AstraZeneca,2058,5308
2021-02-17,Pfizer/BioNTech,13202,483494
2021-02-18,Moderna,2358,31463
2021-02-18,Oxford/AstraZeneca,2017,7325
2021-02-18,Pfizer/BioNTech,16035,499529
2021-02-19,Moderna,1411,32874
2021-02-19,Oxford/AstraZeneca,1743,9068
2021-02-19,Pfizer/BioNTech,16088,515617
2021-02-20,Pfizer/BioNTech,2501,518118
2021-02-20,Oxford/AstraZeneca,686,9754
2021-02-20,Moderna,9,32883
2021-02-21,Moderna,102,32985
2021-02-21,Oxford/AstraZeneca,268,10022
2021-02-21,Pfizer/BioNTech,1794,519912
2021-02-22,Moderna,1003,33988
2021-02-22,Oxford/AstraZeneca,1615,11637
2021-02-22,Pfizer/BioNTech,13544,533456
2021-02-23,Moderna,796,34784
2021-02-23,Oxford/AstraZeneca,2748,14385
2021-02-23,Pfizer/BioNTech,16411,549867
2021-02-24,Moderna,1345,36129
2021-02-24,Oxford/AstraZeneca,2939,17324
2021-02-24,Pfizer/BioNTech,15638,565505
2021-02-25,Oxford/AstraZeneca,4367,21691
2021-02-25,Pfizer/BioNTech,17981,583486
2021-02-25,Moderna,1184,37313
2021-02-26,Oxford/AstraZeneca,3360,25051
2021-02-26,Pfizer/BioNTech,17322,600808
2021-02-26,Moderna,858,38171
2021-02-27,Pfizer/BioNTech,2771,603579
2021-02-27,Moderna,174,38345
2021-02-27,Oxford/AstraZeneca,624,25675
2021-02-28,Moderna,197,38542
2021-02-28,Oxford/AstraZeneca,480,26155
2021-02-28,Pfizer/BioNTech,2232,605811
2021-03-01,Moderna,1613,40155
2021-03-01,Oxford/AstraZeneca,4073,30228
2021-03-01,Pfizer/BioNTech,17364,623175
2021-03-02,Pfizer/BioNTech,19494,642669
2021-03-02,Oxford/AstraZeneca,9405,39633
2021-03-02,Indie/AstraZeneca,1,2
2021-03-02,Moderna,1887,42042
2021-03-03,Moderna,3738,45780
2021-03-03,Oxford/AstraZeneca,9840,49473
2021-03-03,Pfizer/BioNTech,21888,664557
2021-03-04,Moderna,4805,50585
2021-03-04,Oxford/AstraZeneca,9398,58871
2021-03-04,Pfizer/BioNTech,23773,688330
2021-03-05,Pfizer/BioNTech,22196,710526
2021-03-05,Oxford/AstraZeneca,8422,67293
2021-03-05,Johnson&Johnson,2,2
2021-03-05,Moderna,3655,54240
2021-03-06,Johnson&Johnson,7,9
2021-03-06,Moderna,1410,55650
2021-03-06,Oxford/AstraZeneca,4518,71811
2021-03-06,Pfizer/BioNTech,7085,717611
2021-03-07,Johnson&Johnson,2,11
2021-03-07,Moderna,1402,57052
2021-03-07,Oxford/AstraZeneca,4172,75983
2021-03-07,Pfizer/BioNTech,6813,724424
2021-03-08,Johnson&Johnson,3,14
2021-03-08,Moderna,3111,60163
2021-03-08,Oxford/AstraZeneca,7937,83920
2021-03-08,Pfizer/BioNTech,23555,747979
2021-03-09,Pfizer/BioNTech,26129,774108
2021-03-09,Oxford/AstraZeneca,11266,95186
2021-03-09,Johnson&Johnson,2,16
2021-03-09,Moderna,5359,65522
2021-03-10,Johnson&Johnson,3,19
2021-03-10,Moderna,5067,70589
2021-03-10,Oxford/AstraZeneca,10954,106140
2021-03-10,Pfizer/BioNTech,32259,806367
2021-03-11,Johnson&Johnson,3,22
2021-03-11,Moderna,4314,74903
2021-03-11,Oxford/AstraZeneca,11853,117993
2021-03-11,Pfizer/BioNTech,37060,843427
2021-03-12,Čína,1,1
2021-03-12,Johnson&Johnson,2,24
2021-03-12,Moderna,5468,80371
2021-03-12,Oxford/AstraZeneca,12286,130279
2021-03-12,Pfizer/BioNTech,29499,872926
2021-03-13,Pfizer/BioNTech,14076,887002
2021-03-13,Oxford/AstraZeneca,3023,133302
2021-03-13,Moderna,1324,81695
2021-03-13,Johnson&Johnson,3,27
2021-03-14,Johnson&Johnson,3,30
2021-03-14,Moderna,1140,82835
2021-03-14,Oxford/AstraZeneca,927,134229
2021-03-14,Pfizer/BioNTech,11204,898206
2021-03-15,Pfizer/BioNTech,22281,920487
2021-03-15,Johnson&Johnson,1,31
2021-03-15,Moderna,6839,89674
2021-03-15,Oxford/AstraZeneca,8056,142285
2021-03-16,Oxford/AstraZeneca,8758,151043
2021-03-16,Pfizer/BioNTech,31423,951910
2021-03-16,Johnson&Johnson,3,34
2021-03-16,Moderna,9244,98918
2021-03-17,Pfizer/BioNTech,31226,983136
2021-03-17,Oxford/AstraZeneca,9013,160056
2021-03-17,Moderna,7763,106681
2021-03-18,Pfizer/BioNTech,33849,1016985
2021-03-18,Oxford/AstraZeneca,9376,169432
2021-03-18,Johnson&Johnson,5,39
2021-03-18,Moderna,7197,113878
2021-03-19,Johnson&Johnson,1,40
2021-03-19,Moderna,6118,119996
2021-03-19,Oxford/AstraZeneca,8838,178270
2021-03-19,Pfizer/BioNTech,33174,1050159
2021-03-20,Johnson&Johnson,8,48
2021-03-20,Moderna,1155,121151
2021-03-20,Oxford/AstraZeneca,2478,180748
2021-03-20,Pfizer/BioNTech,13566,1063725
2021-03-21,Johnson&Johnson,2,50
2021-03-21,Moderna,330,121481
2021-03-21,Oxford/AstraZeneca,495,181243
2021-03-21,Pfizer/BioNTech,8179,1071904
2021-03-22,Johnson&Johnson,3,53
2021-03-22,Pfizer/BioNTech,25824,1097728
2021-03-22,Oxford/AstraZeneca,6897,188140
2021-03-22,Indie/AstraZeneca,1,3
2021-03-22,Moderna,4348,125829
2021-03-23,Johnson&Johnson,4,57
2021-03-23,Moderna,3874,129703
2021-03-23,Oxford/AstraZeneca,7670,195810
2021-03-23,Pfizer/BioNTech,28494,1126222
2021-03-24,Oxford/AstraZeneca,7805,203615
2021-03-24,Indie/AstraZeneca,1,4
2021-03-24,Johnson&Johnson,4,61
2021-03-24,Moderna,4175,133878
2021-03-24,Pfizer/BioNTech,30652,1156874
2021-03-25,Pfizer/BioNTech,32610,1189484
2021-03-25,Moderna,4067,137945
2021-03-25,Oxford/AstraZeneca,7536,211151
2021-03-25,Indie/AstraZeneca,1,5
2021-03-25,Johnson&Johnson,1,62
2021-03-26,Johnson&Johnson,1,63
2021-03-26,Moderna,2581,140526
2021-03-26,Oxford/AstraZeneca,5772,216923
2021-03-26,Pfizer/BioNTech,34000,1223484
2021-03-27,Oxford/AstraZeneca,911,217834
2021-03-27,Johnson&Johnson,3,66
2021-03-27,Moderna,1251,141777
2021-03-27,Pfizer/BioNTech,11141,1234625
2021-03-27,Čína,1,2
2021-03-28,Čína,1,3
2021-03-28,Pfizer/BioNTech,8017,1242642
2021-03-28,Moderna,1546,143323
2021-03-28,Oxford/AstraZeneca,132,217966
2021-03-29,Pfizer/BioNTech,30088,1272730
2021-03-29,Oxford/AstraZeneca,3785,221751
2021-03-29,Johnson&Johnson,4,70
2021-03-29,Moderna,6014,149337
2021-03-30,Johnson&Johnson,6,76
2021-03-30,Moderna,8880,158217
2021-03-30,Oxford/AstraZeneca,5380,227131
2021-03-30,Pfizer/BioNTech,32624,1305354
2021-03-31,Pfizer/BioNTech,34159,1339513
2021-03-31,Johnson&Johnson,8,84
2021-03-31,Moderna,11053,169270
2021-03-31,Oxford/AstraZeneca,4999,232130
2021-04-01,Moderna,10758,180028
2021-04-01,Oxford/AstraZeneca,4606,236736
2021-04-01,Indie/AstraZeneca,1,6
2021-04-01,Johnson&Johnson,14,98
2021-04-01,Pfizer/BioNTech,42359,1381872
2021-04-02,Oxford/AstraZeneca,603,237339
2021-04-02,Moderna,2571,182599
2021-04-02,Pfizer/BioNTech,16565,1398437
2021-04-02,Indie/AstraZeneca,1,7
2021-04-02,Johnson&Johnson,20,118
2021-04-03,Oxford/AstraZeneca,226,237565
2021-04-03,Pfizer/BioNTech,12647,1411084
2021-04-03,Johnson&Johnson,3,121
2021-04-03,Moderna,1714,184313
2021-04-04,Johnson&Johnson,5,126
2021-04-04,Moderna,1323,185636
2021-04-04,Oxford/AstraZeneca,20,237585
2021-04-04,Pfizer/BioNTech,10121,1421205
2021-04-05,Johnson&Johnson,11,137
2021-04-05,Moderna,1418,187054
2021-04-05,Oxford/AstraZeneca,83,237668
2021-04-05,Pfizer/BioNTech,8114,1429319
2021-04-06,Pfizer/BioNTech,33942,1463261
2021-04-06,Oxford/AstraZeneca,3020,240688
2021-04-06,Čína,1,4
2021-04-06,Johnson&Johnson,16,153
2021-04-06,Indie/AstraZeneca,1,8
2021-04-06,Moderna,8500,195554
2021-04-07,Johnson&Johnson,16,169
2021-04-07,Moderna,8455,204009
2021-04-07,Oxford/AstraZeneca,8148,248836
2021-04-07,Pfizer/BioNTech,29106,1492367
2021-04-08,Pfizer/BioNTech,52040,1544407
2021-04-08,Oxford/AstraZeneca,11497,260333
2021-04-08,Moderna,6283,210292
2021-04-08,Johnson&Johnson,25,194
2021-04-09,Čína,1,5
2021-04-09,Indie/AstraZeneca,2,10
2021-04-09,Johnson&Johnson,20,214
2021-04-09,Moderna,7629,217921
2021-04-09,Oxford/AstraZeneca,11443,271776
2021-04-09,Pfizer/BioNTech,50688,1595095
2021-04-10,Oxford/AstraZeneca,3509,275285
2021-04-10,Pfizer/BioNTech,25744,1620839
2021-04-10,Johnson&Johnson,25,239
2021-04-10,Moderna,1583,219504
2021-04-11,Johnson&Johnson,12,251
2021-04-11,Moderna,1144,220648
2021-04-11,Oxford/AstraZeneca,519,275804
2021-04-11,Pfizer/BioNTech,18167,1639006
2021-04-12,Johnson&Johnson,19,270
2021-04-12,Moderna,8641,229289
2021-04-12,Pfizer/BioNTech,45813,1684819
2021-04-12,Oxford/AstraZeneca,8974,284778
2021-04-13,Indie/AstraZeneca,1,11
2021-04-13,Moderna,10632,239921
2021-04-13,Oxford/AstraZeneca,9541,294319
2021-04-13,Pfizer/BioNTech,42179,1726998
2021-04-14,Pfizer/BioNTech,45651,1772649
2021-04-14,Moderna,10497,250418
2021-04-14,Oxford/AstraZeneca,10120,304439
2021-04-15,Pfizer/BioNTech,54887,1827536
2021-04-15,Moderna,9589,260007
2021-04-15,Oxford/AstraZeneca,9142,313581
2021-04-16,Moderna,10106,270113
2021-04-16,Oxford/AstraZeneca,6777,320358
2021-04-16,Pfizer/BioNTech,53514,1881050
2021-04-17,Indie/AstraZeneca,1,12
2021-04-17,Moderna,2396,272509
2021-04-17,Oxford/AstraZeneca,631,320989
2021-04-17,Pfizer/BioNTech,22725,1903775
2021-04-18,Moderna,902,273411
2021-04-18,Oxford/AstraZeneca,160,321149
2021-04-18,Pfizer/BioNTech,16926,1920701
2021-04-18,Čína,1,6
2021-04-19,Oxford/AstraZeneca,5629,326778
2021-04-19,Pfizer/BioNTech,46843,1967544
2021-04-19,Johnson&Johnson,1,271
2021-04-19,Moderna,6940,280351
2021-04-20,Oxford/AstraZeneca,6792,333570
2021-04-20,Pfizer/BioNTech,44779,2012323
2021-04-20,Johnson&Johnson,2,273
2021-04-20,Moderna,6904,287255
2021-04-21,Moderna,5460,292715
2021-04-21,Oxford/AstraZeneca,7494,341064
2021-04-21,Pfizer/BioNTech,49180,2061503
2021-04-22,Johnson&Johnson,29,302
2021-04-22,Moderna,5934,298649
2021-04-22,Oxford/AstraZeneca,8159,349223
2021-04-22,Pfizer/BioNTech,57781,2119284
2021-04-23,Johnson&Johnson,221,523
2021-04-23,Moderna,3919,302568
2021-04-23,Oxford/AstraZeneca,6230,355453
2021-04-23,Pfizer/BioNTech,51489,2170773
2021-04-24,Čína,1,7
2021-04-24,Oxford/AstraZeneca,709,356162
2021-04-24,Pfizer/BioNTech,21571,2192344
2021-04-24,Johnson&Johnson,14,537
2021-04-24,Moderna,840,303408
2021-04-25,Johnson&Johnson,16,553
2021-04-25,Moderna,1466,304874
2021-04-25,Oxford/AstraZeneca,198,356360
2021-04-25,Pfizer/BioNTech,17021,2209365
2021-04-26,Oxford/AstraZeneca,5655,362015
2021-04-26,Johnson&Johnson,538,1091
2021-04-26,Moderna,4342,309216
2021-04-26,Pfizer/BioNTech,46112,2255477
2021-04-27,Johnson&Johnson,930,2021
2021-04-27,Moderna,6344,315560
2021-04-27,Oxford/AstraZeneca,6719,368734
2021-04-27,Pfizer/BioNTech,46320,2301797
2021-04-27,Čína,1,8
2021-04-28,Pfizer/BioNTech,54738,2356535
2021-04-28,Oxford/AstraZeneca,6725,375459
2021-04-28,Čína,2,10
2021-04-28,Johnson&Johnson,1448,3469
2021-04-28,Moderna,8445,324005
2021-04-29,Indie/AstraZeneca,1,13
2021-04-29,Johnson&Johnson,1605,5074
2021-04-29,Moderna,7890,331895
2021-04-29,Oxford/AstraZeneca,6571,382030
2021-04-29,Pfizer/BioNTech,63872,2420407
2021-04-30,Indie/AstraZeneca,1,14
2021-04-30,Moderna,3824,335719
2021-04-30,Oxford/AstraZeneca,3932,385962
2021-04-30,Pfizer/BioNTech,61609,2482016
2021-04-30,Johnson&Johnson,1461,6535
2021-05-01,Pfizer/BioNTech,21159,2503175
2021-05-01,Johnson&Johnson,111,6646
2021-05-01,Moderna,1216,336935
2021-05-01,Oxford/AstraZeneca,268,386230
2021-05-02,Pfizer/BioNTech,20536,2523711
2021-05-02,Oxford/AstraZeneca,129,386359
2021-05-02,Johnson&Johnson,41,6687
2021-05-02,Moderna,500,337435
2021-05-03,Johnson&Johnson,1127,7814
2021-05-03,Moderna,3023,340458
2021-05-03,Oxford/AstraZeneca,3242,389601
2021-05-03,Pfizer/BioNTech,63840,2587551
2021-05-04,Oxford/AstraZeneca,4345,393946
2021-05-04,Pfizer/BioNTech,60322,2647873
2021-05-04,Johnson&Johnson,1564,9378
2021-05-04,Moderna,7140,347598
2021-05-05,Johnson&Johnson,1973,11351
2021-05-05,Moderna,5680,353278
2021-05-05,Oxford/AstraZeneca,6281,400227
2021-05-05,Pfizer/BioNTech,66750,2714623
2021-05-06,Johnson&Johnson,1966,13317
2021-05-06,Moderna,5433,358711
2021-05-06,Oxford/AstraZeneca,7418,407645
2021-05-06,Pfizer/BioNTech,74413,2789036
2021-05-07,Oxford/AstraZeneca,5832,413477
2021-05-07,Moderna,4920,363631
2021-05-07,Pfizer/BioNTech,72880,2861916
2021-05-07,Indie/AstraZeneca,1,15
2021-05-07,Johnson&Johnson,1927,15244
2021-05-08,Johnson&Johnson,156,15400
2021-05-08,Moderna,1132,364763
2021-05-08,Oxford/AstraZeneca,319,413796
2021-05-08,Pfizer/BioNTech,29579,2891495
2021-05-09,Johnson&Johnson,12,15412
2021-05-09,Moderna,1067,365830
2021-05-09,Oxford/AstraZeneca,443,414239
2021-05-09,Pfizer/BioNTech,23932,2915427
2021-05-10,Pfizer/BioNTech,64989,2980416
2021-05-10,Oxford/AstraZeneca,6013,420252
2021-05-10,Johnson&Johnson,1685,17097
2021-05-10,Moderna,5672,371502
2021-05-11,Johnson&Johnson,1822,18919
2021-05-11,Moderna,6330,377832
2021-05-11,Oxford/AstraZeneca,7630,427882
2021-05-11,Pfizer/BioNTech,67388,3047804
2021-05-12,Pfizer/BioNTech,70014,3117818
2021-05-12,Oxford/AstraZeneca,7465,435347
2021-05-12,Johnson&Johnson,1592,20511
2021-05-12,Moderna,8428,386260
2021-05-13,Johnson&Johnson,1512,22023
2021-05-13,Moderna,7428,393688
2021-05-13,Oxford/AstraZeneca,7025,442372
2021-05-13,Pfizer/BioNTech,75769,3193587
2021-05-14,Johnson&Johnson,1114,23137
2021-05-14,Moderna,5561,399249
2021-05-14,Oxford/AstraZeneca,5916,448288
2021-05-14,Pfizer/BioNTech,73687,3267274
2021-05-15,Pfizer/BioNTech,31356,3298630
2021-05-15,Indie/AstraZeneca,1,16
2021-05-15,Johnson&Johnson,83,23220
2021-05-15,Moderna,748,399997
2021-05-15,Oxford/AstraZeneca,1985,450273
2021-05-16,Pfizer/BioNTech,25560,3324190
2021-05-16,Oxford/AstraZeneca,808,451081
2021-05-16,Moderna,711,400708
2021-05-16,Johnson&Johnson,14,23234
2021-05-17,Indie/AstraZeneca,1,17
2021-05-17,Johnson&Johnson,881,24115
2021-05-17,Moderna,4994,405702
2021-05-17,Oxford/AstraZeneca,4665,455746
2021-05-17,Pfizer/BioNTech,67878,3392068
2021-05-18,Pfizer/BioNTech,69164,3461232
2021-05-18,Oxford/AstraZeneca,6071,461817
2021-05-18,Moderna,7869,413571
2021-05-18,Johnson&Johnson,1009,25124
2021-05-18,Indie/AstraZeneca,1,18
2021-05-19,Johnson&Johnson,1232,26356
2021-05-19,Moderna,10392,423963
2021-05-19,Oxford/AstraZeneca,6568,468385
2021-05-19,Pfizer/BioNTech,73251,3534483
2021-05-19,Čína,1,11
2021-05-20,Pfizer/BioNTech,81912,3616395
2021-05-20,Oxford/AstraZeneca,6798,475183
2021-05-20,Johnson&Johnson,1637,27993
2021-05-20,Moderna,10596,434559
2021-05-21,Johnson&Johnson,1431,29424
2021-05-21,Moderna,7994,442553
2021-05-21,Oxford/AstraZeneca,5822,481005
2021-05-21,Pfizer/BioNTech,80001,3696396
2021-05-22,Johnson&Johnson,188,29612
2021-05-22,Moderna,1871,444424
2021-05-22,Oxford/AstraZeneca,1899,482904
2021-05-22,Pfizer/BioNTech,39574,3735970
2021-05-23,Johnson&Johnson,17,29629
2021-05-23,Moderna,930,445354
2021-05-23,Oxford/AstraZeneca,1475,484379
2021-05-23,Pfizer/BioNTech,29056,3765026
2021-05-23,Čína,1,12
2021-05-24,Oxford/AstraZeneca,6394,490773
2021-05-24,Pfizer/BioNTech,63234,3828260
2021-05-24,Moderna,8703,454057
2021-05-24,Johnson&Johnson,1285,30914
2021-05-25,Indie/AstraZeneca,1,19
2021-05-25,Johnson&Johnson,1782,32696
2021-05-25,Moderna,8809,462866
2021-05-25,Oxford/AstraZeneca,11218,501991
2021-05-25,Pfizer/BioNTech,64183,3892443
2021-05-26,Oxford/AstraZeneca,11012,513003
2021-05-26,Johnson&Johnson,1913,34609
2021-05-26,Moderna,9951,472817
2021-05-26,Pfizer/BioNTech,80544,3972987
2021-05-26,Čína,2,14
2021-05-27,Oxford/AstraZeneca,9616,522619
2021-05-27,Moderna,10098,482915
2021-05-27,Pfizer/BioNTech,84887,4057874
2021-05-27,Indie/AstraZeneca,2,21
2021-05-27,Johnson&Johnson,2107,36716
2021-05-28,Pfizer/BioNTech,84871,4142745
2021-05-28,Oxford/AstraZeneca,9349,531968
2021-05-28,Indie/AstraZeneca,1,22
2021-05-28,Johnson&Johnson,2115,38831
2021-05-28,Moderna,9918,492833
2021-05-29,Indie/AstraZeneca,1,23
2021-05-29,Johnson&Johnson,150,38981
2021-05-29,Moderna,2618,495451
2021-05-29,Oxford/AstraZeneca,2485,534453
2021-05-29,Pfizer/BioNTech,41028,4183773
2021-05-30,Pfizer/BioNTech,33251,4217024
2021-05-30,Johnson&Johnson,21,39002
2021-05-30,Moderna,989,496440
2021-05-30,Oxford/AstraZeneca,2613,537066
2021-05-30,Čína,1,15
2021-05-31,Pfizer/BioNTech,82876,4299900
2021-05-31,Oxford/AstraZeneca,8370,545436
2021-05-31,Moderna,8319,504759
2021-05-31,Johnson&Johnson,1858,40860
2021-05-31,Indie/AstraZeneca,2,25
2021-06-01,Johnson&Johnson,2290,43150
2021-06-01,Moderna,10462,515221
2021-06-01,Oxford/AstraZeneca,11816,557252
2021-06-01,Pfizer/BioNTech,81166,4381066
2021-06-02,Čína,1,16
2021-06-02,Pfizer/BioNTech,91155,4472221
2021-06-02,Oxford/AstraZeneca,11571,568823
2021-06-02,Moderna,9359,524580
2021-06-02,Johnson&Johnson,2463,45613
2021-06-02,Indie/AstraZeneca,1,26
2021-06-03,Johnson&Johnson,2797,48410
2021-06-03,Moderna,9584,534164
2021-06-03,Oxford/AstraZeneca,11972,580795
2021-06-03,Pfizer/BioNTech,91366,4563587
2021-06-04,Pfizer/BioNTech,94242,4657829
2021-06-04,Oxford/AstraZeneca,10540,591335
2021-06-04,Johnson&Johnson,3243,51653
2021-06-04,Moderna,9313,543477
2021-06-05,Indie/AstraZeneca,3,29
2021-06-05,Johnson&Johnson,136,51789
2021-06-05,Moderna,898,544375
2021-06-05,Oxford/AstraZeneca,2098,593433
2021-06-05,Pfizer/BioNTech,49869,4707698
2021-06-06,Johnson&Johnson,85,51874
2021-06-06,Moderna,539,544914
2021-06-06,Oxford/AstraZeneca,944,594377
2021-06-06,Pfizer/BioNTech,40495,4748193
2021-06-07,Pfizer/BioNTech,96466,4844659
2021-06-07,Johnson&Johnson,3124,54998
2021-06-07,Moderna,7816,552730
2021-06-07,Oxford/AstraZeneca,8831,603208
2021-06-07,Čína,1,17
2021-06-08,Pfizer/BioNTech,94125,4938784
2021-06-08,Čína,1,18
2021-06-08,Oxford/AstraZeneca,10554,613762
2021-06-08,Moderna,8256,560986
2021-06-08,Johnson&Johnson,3056,58054
2021-06-08,Indie/AstraZeneca,1,30
2021-06-09,Indie/AstraZeneca,1,31
2021-06-09,Johnson&Johnson,3642,61696
2021-06-09,Moderna,9482,570468
2021-06-09,Oxford/AstraZeneca,10600,624362
2021-06-09,Pfizer/BioNTech,96554,5035338
2021-06-10,Indie/AstraZeneca,1,32
2021-06-10,Johnson&Johnson,3098,64794
2021-06-10,Moderna,10219,580687
2021-06-10,Oxford/AstraZeneca,10925,635287
2021-06-10,Pfizer/BioNTech,97852,5133190
2021-06-10,Čína,3,21
2021-06-11,Čína,1,22
2021-06-11,Oxford/AstraZeneca,8667,643954
2021-06-11,Pfizer/BioNTech,98062,5231252
2021-06-11,Johnson&Johnson,3137,67931
2021-06-11,Indie/Bahrat Biotech,1,1
2021-06-11,Moderna,8996,589683
2021-06-12,Indie/AstraZeneca,1,33
2021-06-12,Johnson&Johnson,109,68040
2021-06-12,Moderna,945,590628
2021-06-12,Oxford/AstraZeneca,1419,645373
2021-06-12,Pfizer/BioNTech,50317,5281569
2021-06-12,Čína,1,23
2021-06-13,Pfizer/BioNTech,41774,5323343
2021-06-13,Oxford/AstraZeneca,196,645569
2021-06-13,Johnson&Johnson,58,68098
2021-06-13,Moderna,411,591039
2021-06-14,Johnson&Johnson,2407,70505
2021-06-14,Moderna,8241,599280
2021-06-14,Oxford/AstraZeneca,7526,653095
2021-06-14,Pfizer/BioNTech,96937,5420280
2021-06-14,Čína,3,26
2021-06-15,Čína,2,28
2021-06-15,Pfizer/BioNTech,93334,5513614
2021-06-15,Johnson&Johnson,2185,72690
2021-06-15,Moderna,10546,609826
2021-06-15,Oxford/AstraZeneca,8860,661955
2021-06-16,Johnson&Johnson,2548,75238
2021-06-16,Moderna,9452,619278
2021-06-16,Oxford/AstraZeneca,8574,670529
2021-06-16,Pfizer/BioNTech,97972,5611586
2021-06-17,Čína,1,29
2021-06-17,Pfizer/BioNTech,102060,5713646
2021-06-17,Oxford/AstraZeneca,8132,678661
2021-06-17,Johnson&Johnson,2195,77433
2021-06-17,Moderna,7988,627266
2021-06-18,Johnson&Johnson,2059,79492
2021-06-18,Moderna,8022,635288
2021-06-18,Oxford/AstraZeneca,5820,684481
2021-06-18,Pfizer/BioNTech,105117,5818763
2021-06-19,Čína,2,31
2021-06-19,Pfizer/BioNTech,49260,5868023
2021-06-19,Johnson&Johnson,29,79521
2021-06-19,Moderna,1212,636500
2021-06-19,Oxford/AstraZeneca,634,685115
2021-06-20,Johnson&Johnson,40,79561
2021-06-20,Moderna,1309,637809
2021-06-20,Oxford/AstraZeneca,128,685243
2021-06-20,Pfizer/BioNTech,39779,5907802
2021-06-20,Čína,2,33
2021-06-21,Johnson&Johnson,1435,80996
2021-06-21,Moderna,9265,647074
2021-06-21,Oxford/AstraZeneca,6458,691701
2021-06-21,Pfizer/BioNTech,92563,6000365
2021-06-21,Čína,2,35
2021-06-22,Pfizer/BioNTech,93996,6094361
2021-06-22,Oxford/AstraZeneca,8605,700306
2021-06-22,Čína,1,36
2021-06-22,Johnson&Johnson,1619,82615
2021-06-22,Moderna,9507,656581
2021-06-23,Johnson&Johnson,1808,84423
2021-06-23,Moderna,11000,667581
2021-06-23,Oxford/AstraZeneca,8441,708747
2021-06-23,Pfizer/BioNTech,93960,6188321
2021-06-24,Indie/AstraZeneca,1,34
2021-06-24,Johnson&Johnson,1826,86249
2021-06-24,Moderna,9906,677487
2021-06-24,Oxford/AstraZeneca,8190,716937
2021-06-24,Pfizer/BioNTech,98231,6286552
2021-06-24,Čína,1,37
2021-06-25,Johnson&Johnson,1707,87956
2021-06-25,Moderna,9121,686608
2021-06-25,Oxford/AstraZeneca,6047,722984
2021-06-25,Pfizer/BioNTech,98800,6385352
2021-06-26,Moderna,1490,688098
2021-06-26,Pfizer/BioNTech,47580,6432932
2021-06-26,Oxford/AstraZeneca,1658,724642
2021-06-26,Johnson&Johnson,43,87999
2021-06-27,Johnson&Johnson,14,88013
2021-06-27,Moderna,1084,689182
2021-06-27,Oxford/AstraZeneca,150,724792
2021-06-27,Pfizer/BioNTech,39429,6472361
2021-06-27,Čína,1,38
2021-06-28,Pfizer/BioNTech,95352,6567713
2021-06-28,Oxford/AstraZeneca,6961,731753
2021-06-28,Moderna,8842,698024
2021-06-28,Indie/AstraZeneca,1,35
2021-06-28,Johnson&Johnson,1265,89278
2021-06-29,Johnson&Johnson,1454,90732
2021-06-29,Moderna,10979,709003
2021-06-29,Oxford/AstraZeneca,9625,741378
2021-06-29,Pfizer/BioNTech,92363,6660076
2021-06-29,Čína,1,39
2021-06-30,Pfizer/BioNTech,94456,6754532
2021-06-30,Oxford/AstraZeneca,9093,750471
2021-06-30,Moderna,12336,721339
2021-06-30,Johnson&Johnson,1357,92089
2021-07-01,Johnson&Johnson,1779,93868
2021-07-01,Moderna,10963,732302
2021-07-01,Oxford/AstraZeneca,9518,759989
2021-07-01,Pfizer/BioNTech,90117,6844649
2021-07-02,Oxford/AstraZeneca,7134,767123
2021-07-02,Pfizer/BioNTech,91083,6935732
2021-07-02,Johnson&Johnson,1729,95597
2021-07-02,Moderna,11054,743356
2021-07-03,Indie/AstraZeneca,3,38
2021-07-03,Johnson&Johnson,26,95623
2021-07-03,Moderna,1278,744634
2021-07-03,Oxford/AstraZeneca,666,767789
2021-07-03,Pfizer/BioNTech,36705,6972437
2021-07-03,Čína,2,41
2021-07-04,Pfizer/BioNTech,28824,7001261
2021-07-04,Oxford/AstraZeneca,64,767853
2021-07-04,Moderna,520,745154
2021-07-04,Johnson&Johnson,12,95635
2021-07-05,Johnson&Johnson,23,95658
2021-07-05,Moderna,279,745433
2021-07-05,Oxford/AstraZeneca,78,767931
2021-07-05,Pfizer/BioNTech,32459,7033720
2021-07-06,Johnson&Johnson,38,95696
2021-07-06,Moderna,715,746148
2021-07-06,Oxford/AstraZeneca,244,768175
2021-07-06,Pfizer/BioNTech,32220,7065940
2021-07-06,Čína,4,45
2021-07-07,Johnson&Johnson,988,96684
2021-07-07,Moderna,8571,754719
2021-07-07,Oxford/AstraZeneca,6204,774379
2021-07-07,Pfizer/BioNTech,88124,7154064
2021-07-07,Čína,4,49
2021-07-08,Čína,1,50
2021-07-08,Pfizer/BioNTech,78687,7232751
2021-07-08,Moderna,8815,763534
2021-07-08,Oxford/AstraZeneca,6869,781248
2021-07-08,Johnson&Johnson,1322,98006
2021-07-09,Indie/AstraZeneca,1,39
2021-07-09,Indie/Bahrat Biotech,1,2
2021-07-09,Johnson&Johnson,1437,99443
2021-07-09,Moderna,8116,771650
2021-07-09,Oxford/AstraZeneca,5326,786574
2021-07-09,Pfizer/BioNTech,81016,7313767
2021-07-09,Čína,2,52
2021-07-10,Indie/AstraZeneca,1,40
2021-07-10,Johnson&Johnson,25,99468
2021-07-10,Moderna,996,772646
2021-07-10,Oxford/AstraZeneca,367,786941
2021-07-10,Pfizer/BioNTech,36666,7350433
2021-07-10,Čína,1,53
2021-07-11,Pfizer/BioNTech,30512,7380945
2021-07-11,Oxford/AstraZeneca,426,787367
2021-07-11,Johnson&Johnson,48,99516
2021-07-11,Moderna,429,773075
2021-07-12,Johnson&Johnson,1324,100840
2021-07-12,Moderna,10207,783282
2021-07-12,Oxford/AstraZeneca,5439,792806
2021-07-12,Pfizer/BioNTech,78377,7459322
2021-07-12,Čína,4,57
2021-07-13,Moderna,9190,792472
2021-07-13,Johnson&Johnson,1842,102682
2021-07-13,Oxford/AstraZeneca,6953,799759
2021-07-13,Pfizer/BioNTech,76324,7535646
2021-07-14,Johnson&Johnson,1996,104678
2021-07-14,Moderna,8428,800900
2021-07-14,Oxford/AstraZeneca,6883,806642
2021-07-14,Pfizer/BioNTech,78577,7614223
2021-07-15,Pfizer/BioNTech,75860,7690083
2021-07-15,Čína,2,59
2021-07-15,Oxford/AstraZeneca,7108,813750
2021-07-15,Johnson&Johnson,2341,107019
2021-07-15,Indie/AstraZeneca,1,41
2021-07-15,Moderna,7606,808506
2021-07-16,Johnson&Johnson,2480,109499
2021-07-16,Moderna,8270,816776
2021-07-16,Oxford/AstraZeneca,5124,818874
2021-07-16,Pfizer/BioNTech,82376,7772459
2021-07-17,Johnson&Johnson,506,110005
2021-07-17,Moderna,485,817261
2021-07-17,Oxford/AstraZeneca,157,819031
2021-07-17,Pfizer/BioNTech,38655,7811114
2021-07-17,Čína,1,60
2021-07-18,Čína,2,62
2021-07-18,Pfizer/BioNTech,32800,7843914
2021-07-18,Oxford/AstraZeneca,30,819061
2021-07-18,Moderna,563,817824
2021-07-18,Johnson&Johnson,540,110545
2021-07-19,Johnson&Johnson,1469,112014
2021-07-19,Moderna,6771,824595
2021-07-19,Oxford/AstraZeneca,4085,823146
2021-07-19,Pfizer/BioNTech,76633,7920547
2021-07-20,Johnson&Johnson,1922,113936
2021-07-20,Moderna,6448,831043
2021-07-20,Oxford/AstraZeneca,5506,828652
2021-07-20,Pfizer/BioNTech,72739,7993286
2021-07-20,Čína,2,64
2021-07-21,Oxford/AstraZeneca,5263,833915
2021-07-21,Moderna,6179,837222
2021-07-21,Pfizer/BioNTech,69856,8063142
2021-07-21,Indie/AstraZeneca,1,42
2021-07-21,Johnson&Johnson,2841,116777
2021-07-22,Oxford/AstraZeneca,4586,838501
2021-07-22,Pfizer/BioNTech,64627,8127769
2021-07-22,Johnson&Johnson,3044,119821
2021-07-22,Moderna,5760,842982
2021-07-23,Pfizer/BioNTech,64063,8191832
2021-07-23,Oxford/AstraZeneca,2878,841379
2021-07-23,Johnson&Johnson,3115,122936
2021-07-23,Moderna,4889,847871
2021-07-24,Indie/AstraZeneca,1,43
2021-07-24,Johnson&Johnson,1199,124135
2021-07-24,Moderna,461,848332
2021-07-24,Oxford/AstraZeneca,124,841503
2021-07-24,Pfizer/BioNTech,32085,8223917
2021-07-24,Čína,1,65
2021-07-25,Johnson&Johnson,1160,125295
2021-07-25,Moderna,415,848747
2021-07-25,Oxford/AstraZeneca,37,841540
2021-07-25,Pfizer/BioNTech,26039,8249956
2021-07-26,Pfizer/BioNTech,60563,8310519
2021-07-26,Moderna,3300,852047
2021-07-26,Oxford/AstraZeneca,3097,844637
2021-07-26,Indie/AstraZeneca,1,44
2021-07-26,Johnson&Johnson,2663,127958
2021-07-27,Johnson&Johnson,3297,131255
2021-07-27,Moderna,3585,855632
2021-07-27,Oxford/AstraZeneca,4240,848877
2021-07-27,Pfizer/BioNTech,55049,8365568
2021-07-27,Čína,2,67
2021-07-28,Johnson&Johnson,3759,135014
2021-07-28,Moderna,3183,858815
2021-07-28,Oxford/AstraZeneca,4238,853115
2021-07-28,Pfizer/BioNTech,52427,8417995
2021-07-29,Oxford/AstraZeneca,4078,857193
2021-07-29,Johnson&Johnson,3321,138335
2021-07-29,Moderna,2817,861632
2021-07-29,Pfizer/BioNTech,49834,8467829
2021-07-30,Pfizer/BioNTech,54194,8522023
2021-07-30,Oxford/AstraZeneca,2756,859949
2021-07-30,Moderna,2336,863968
2021-07-30,Johnson&Johnson,3323,141658
2021-07-30,Indie/AstraZeneca,1,45
2021-07-31,Indie/AstraZeneca,1,46
2021-07-31,Johnson&Johnson,1563,143221
2021-07-31,Moderna,315,864283
2021-07-31,Oxford/AstraZeneca,202,860151
2021-07-31,Pfizer/BioNTech,24897,8546920
2021-07-31,Čína,1,68
2021-08-01,Johnson&Johnson,1333,144554
2021-08-01,Moderna,436,864719
2021-08-01,Oxford/AstraZeneca,24,860175
2021-08-01,Pfizer/BioNTech,19809,8566729
2021-08-01,Čína,1,69
2021-08-02,Pfizer/BioNTech,47198,8613927
2021-08-02,Oxford/AstraZeneca,2180,862355
2021-08-02,Johnson&Johnson,2447,147001
2021-08-02,Moderna,1996,866715
2021-08-03,Johnson&Johnson,3224,150225
2021-08-03,Moderna,1467,868182
2021-08-03,Oxford/AstraZeneca,2929,865284
2021-08-03,Pfizer/BioNTech,44999,8658926
2021-08-03,Čína,3,72
2021-08-04,Johnson&Johnson,2979,153204
2021-08-04,Moderna,2225,870407
2021-08-04,Oxford/AstraZeneca,2537,867821
2021-08-04,Pfizer/BioNTech,42241,8701167
2021-08-05,Pfizer/BioNTech,46155,8747322
2021-08-05,Johnson&Johnson,3050,156254
2021-08-05,Moderna,2085,872492
2021-08-05,Oxford/AstraZeneca,2266,870087
2021-08-06,Moderna,1763,874255
2021-08-06,Oxford/AstraZeneca,1630,871717
2021-08-06,Indie/AstraZeneca,1,47
2021-08-06,Johnson&Johnson,3098,159352
2021-08-06,Pfizer/BioNTech,50627,8797949
2021-08-07,Čína,1,73
2021-08-07,Pfizer/BioNTech,20716,8818665
2021-08-07,Johnson&Johnson,1419,160771
2021-08-07,Moderna,128,874383
2021-08-07,Oxford/AstraZeneca,142,871859
2021-08-08,Johnson&Johnson,1085,161856
2021-08-08,Moderna,108,874491
2021-08-08,Oxford/AstraZeneca,15,871874
2021-08-08,Pfizer/BioNTech,17868,8836533
2021-08-09,Indie/AstraZeneca,2,49
2021-08-09,Johnson&Johnson,2217,164073
2021-08-09,Moderna,1508,875999
2021-08-09,Oxford/AstraZeneca,1122,872996
2021-08-09,Pfizer/BioNTech,50690,8887223
2021-08-10,Johnson&Johnson,2199,166272
2021-08-10,Moderna,1369,877368
2021-08-10,Oxford/AstraZeneca,1710,874706
2021-08-10,Pfizer/BioNTech,44009,8931232
2021-08-10,Čína,2,75
2021-08-11,Čína,1,76
2021-08-11,Pfizer/BioNTech,46919,8978151
2021-08-11,Oxford/AstraZeneca,1468,876174
2021-08-11,Johnson&Johnson,2224,168496
2021-08-11,Indie/AstraZeneca,1,50
2021-08-11,Moderna,1723,879091
2021-08-12,Johnson&Johnson,2486,170982
2021-08-12,Moderna,1718,880809
2021-08-12,Oxford/AstraZeneca,1266,877440
2021-08-12,Pfizer/BioNTech,40647,9018798
2021-08-13,Moderna,2064,882873
2021-08-13,Johnson&Johnson,2206,173188
2021-08-13,Oxford/AstraZeneca,872,878312
2021-08-13,Pfizer/BioNTech,43792,9062590
2021-08-13,Čína,1,77
2021-08-14,Johnson&Johnson,1060,174248
2021-08-14,Moderna,349,883222
2021-08-14,Oxford/AstraZeneca,49,878361
2021-08-14,Pfizer/BioNTech,11566,9074156
2021-08-15,Pfizer/BioNTech,11603,9085759
2021-08-15,Oxford/AstraZeneca,18,878379
2021-08-15,Johnson&Johnson,629,174877
2021-08-15,Moderna,120,883342
2021-08-16,Indie/AstraZeneca,1,51
2021-08-16,Johnson&Johnson,1896,176773
2021-08-16,Moderna,1758,885100
2021-08-16,Oxford/AstraZeneca,678,879057
2021-08-16,Pfizer/BioNTech,37691,9123450
2021-08-16,Čína,2,79
2021-08-17,Moderna,1431,886531
2021-08-17,Johnson&Johnson,1975,178748
2021-08-17,Oxford/AstraZeneca,908,879965
2021-08-17,Pfizer/BioNTech,30461,9153911
2021-08-18,Pfizer/BioNTech,41701,9195612
2021-08-18,Oxford/AstraZeneca,741,880706
2021-08-18,Johnson&Johnson,2133,180881
2021-08-18,Moderna,1627,888158
2021-08-19,Pfizer/BioNTech,40934,9236546
2021-08-19,Oxford/AstraZeneca,706,881412
2021-08-19,Johnson&Johnson,2461,183342
2021-08-19,Moderna,1507,889665
2021-08-20,Indie/AstraZeneca,1,52
2021-08-20,Johnson&Johnson,2628,185970
2021-08-20,Moderna,1960,891625
2021-08-20,Oxford/AstraZeneca,559,881971
2021-08-20,Pfizer/BioNTech,43871,9280417
2021-08-20,Čína,1,80
2021-08-21,Oxford/AstraZeneca,97,882068
2021-08-21,Moderna,332,891957
2021-08-21,Pfizer/BioNTech,13280,9293697
2021-08-21,Indie/AstraZeneca,1,53
2021-08-21,Johnson&Johnson,912,186882
2021-08-22,Pfizer/BioNTech,12419,9306116
2021-08-22,Oxford/AstraZeneca,9,882077
2021-08-22,Moderna,328,892285
2021-08-22,Johnson&Johnson,791,187673
2021-08-23,Indie/AstraZeneca,1,54
2021-08-23,Johnson&Johnson,2519,190192
2021-08-23,Moderna,1502,893787
2021-08-23,Oxford/AstraZeneca,415,882492
2021-08-23,Pfizer/BioNTech,42908,9349024
2021-08-24,Johnson&Johnson,2251,192443
2021-08-24,Moderna,1259,895046
2021-08-24,Oxford/AstraZeneca,301,882793
2021-08-24,Pfizer/BioNTech,37094,9386118
2021-08-25,Oxford/AstraZeneca,404,883197
2021-08-25,Moderna,1627,896673
2021-08-25,Pfizer/BioNTech,30928,9417046
2021-08-25,Indie/AstraZeneca,1,55
2021-08-25,Johnson&Johnson,2168,194611
2021-08-26,Johnson&Johnson,1807,196418
2021-08-26,Moderna,1508,898181
2021-08-26,Oxford/AstraZeneca,351,883548
2021-08-26,Pfizer/BioNTech,29165,9446211
2021-08-27,Pfizer/BioNTech,30174,9476385
2021-08-27,Oxford/AstraZeneca,296,883844
2021-08-27,Moderna,1477,899658
2021-08-27,Indie/AstraZeneca,2,57
2021-08-27,Johnson&Johnson,2208,198626
2021-08-28,Johnson&Johnson,723,199349
2021-08-28,Moderna,261,899919
2021-08-28,Oxford/AstraZeneca,11,883855
2021-08-28,Pfizer/BioNTech,8122,9484507
2021-08-28,Čína,1,81
2021-08-29,Pfizer/BioNTech,7279,9491786
2021-08-29,Oxford/AstraZeneca,4,883859
2021-08-29,Čína,1,82
2021-08-29,Johnson&Johnson,731,200080
2021-08-29,Moderna,310,900229
2021-08-30,Johnson&Johnson,1690,201770
2021-08-30,Moderna,1836,902065
2021-08-30,Oxford/AstraZeneca,390,884249
2021-08-30,Pfizer/BioNTech,24840,9516626
2021-08-31,Indie/AstraZeneca,1,58
2021-08-31,Johnson&Johnson,1762,203532
2021-08-31,Oxford/AstraZeneca,321,884570
2021-08-31,Pfizer/BioNTech,20832,9537458
2021-08-31,Čína,2,84
2021-08-31,Moderna,1165,903230
2021-09-01,Johnson&Johnson,1342,204874
2021-09-01,Moderna,1292,904522
2021-09-01,Oxford/AstraZeneca,172,884742
2021-09-01,Pfizer/BioNTech,15835,9553293
2021-09-02,Oxford/AstraZeneca,182,884924
2021-09-02,Pfizer/BioNTech,15499,9568792
2021-09-02,Moderna,1872,906394
2021-09-02,Johnson&Johnson,1854,206728
2021-09-03,Johnson&Johnson,1965,208693
2021-09-03,Moderna,1518,907912
2021-09-03,Oxford/AstraZeneca,94,885018
2021-09-03,Pfizer/BioNTech,19790,9588582
2021-09-03,Čína,1,85
2021-09-04,Moderna,102,908014
2021-09-04,Indie/AstraZeneca,1,59
2021-09-04,Johnson&Johnson,627,209320
2021-09-04,Oxford/AstraZeneca,28,885046
2021-09-04,Pfizer/BioNTech,4280,9592862
2021-09-05,Johnson&Johnson,528,209848
2021-09-05,Moderna,88,908102
2021-09-05,Oxford/AstraZeneca,7,885053
2021-09-05,Pfizer/BioNTech,3755,9596617
2021-09-06,Pfizer/BioNTech,14758,9611375
2021-09-06,Čína,1,86
2021-09-06,Oxford/AstraZeneca,67,885120
2021-09-06,Johnson&Johnson,1419,211267
2021-09-06,Moderna,1149,909251
2021-09-06,Indie/AstraZeneca,1,60
2021-09-07,Johnson&Johnson,1496,212763
2021-09-07,Moderna,1165,910416
2021-09-07,Oxford/AstraZeneca,111,885231
2021-09-07,Pfizer/BioNTech,11240,9622615
2021-09-07,Čína,1,87
2021-09-08,Čína,1,88
2021-09-08,Pfizer/BioNTech,11978,9634593
2021-09-08,Oxford/AstraZeneca,110,885341
2021-09-08,Moderna,976,911392
2021-09-08,Johnson&Johnson,1255,214018
2021-09-09,Indie/AstraZeneca,1,61
2021-09-09,Johnson&Johnson,1567,215585
2021-09-09,Moderna,1040,912432
2021-09-09,Oxford/AstraZeneca,105,885446
2021-09-09,Pfizer/BioNTech,12508,9647101
2021-09-10,Čína,1,89
2021-09-10,Pfizer/BioNTech,15771,9662872
2021-09-10,Johnson&Johnson,1544,217129
2021-09-10,Moderna,1014,913446
2021-09-10,Oxford/AstraZeneca,53,885499
2021-09-11,Indie/AstraZeneca,1,62
2021-09-11,Johnson&Johnson,617,217746
2021-09-11,Moderna,173,913619
2021-09-11,Oxford/AstraZeneca,7,885506
2021-09-11,Pfizer/BioNTech,2972,9665844
2021-09-11,Čína,1,90
2021-09-12,Johnson&Johnson,447,218193
2021-09-12,Moderna,75,913694
2021-09-12,Oxford/AstraZeneca,7,885513
2021-09-12,Pfizer/BioNTech,1791,9667635
2021-09-13,Pfizer/BioNTech,11924,9679559
2021-09-13,Čína,2,92
2021-09-13,Oxford/AstraZeneca,63,885576
2021-09-13,Moderna,836,914530
2021-09-13,Johnson&Johnson,1481,219674
2021-09-14,Johnson&Johnson,1434,221108
2021-09-14,Moderna,941,915471
2021-09-14,Oxford/AstraZeneca,66,885642
2021-09-14,Pfizer/BioNTech,10561,9690120
2021-09-15,Johnson&Johnson,1318,222426
2021-09-15,Moderna,1039,916510
2021-09-15,Oxford/AstraZeneca,72,885714
2021-09-15,Pfizer/BioNTech,10026,9700146
2021-09-16,Johnson&Johnson,1562,223988
2021-09-16,Moderna,928,917438
2021-09-16,Oxford/AstraZeneca,55,885769
2021-09-16,Pfizer/BioNTech,9558,9709704
2021-09-16,Čína,1,93
2021-09-17,Pfizer/BioNTech,12241,9721945
2021-09-17,Oxford/AstraZeneca,48,885817
2021-09-17,Moderna,999,918437
2021-09-17,Johnson&Johnson,1779,225767
2021-09-18,Johnson&Johnson,557,226324
2021-09-18,Moderna,115,918552
2021-09-18,Oxford/AstraZeneca,8,885825
2021-09-18,Pfizer/BioNTech,2872,9724817
2021-09-18,Čína,1,94
2021-09-19,Johnson&Johnson,396,226720
2021-09-19,Moderna,47,918599
2021-09-19,Oxford/AstraZeneca,6,885831
2021-09-19,Pfizer/BioNTech,1685,9726502
2021-09-20,Johnson&Johnson,1089,227809
2021-09-20,Moderna,711,919310
2021-09-20,Oxford/AstraZeneca,55,885886
2021-09-20,Pfizer/BioNTech,9736,9736238
2021-09-21,Pfizer/BioNTech,9177,9745415
2021-09-21,Oxford/AstraZeneca,73,885959
2021-09-21,Johnson&Johnson,1129,228938
2021-09-21,Moderna,744,920054
2021-09-22,Johnson&Johnson,1110,230048
2021-09-22,Moderna,910,920964
2021-09-22,Oxford/AstraZeneca,96,886055
2021-09-22,Pfizer/BioNTech,6974,9752389
2021-09-22,Čína,1,95
2021-09-23,Pfizer/BioNTech,8779,9761168
2021-09-23,Oxford/AstraZeneca,58,886113
2021-09-23,Moderna,823,921787
2021-09-23,Johnson&Johnson,1373,231421
2021-09-24,Indie/AstraZeneca,1,63
2021-09-24,Johnson&Johnson,1596,233017
2021-09-24,Moderna,888,922675
2021-09-24,Oxford/AstraZeneca,23,886136
2021-09-24,Pfizer/BioNTech,11788,9772956
2021-09-25,Pfizer/BioNTech,2418,9775374
2021-09-25,Oxford/AstraZeneca,4,886140
2021-09-25,Johnson&Johnson,534,233551
2021-09-25,Moderna,98,922773
2021-09-26,Johnson&Johnson,300,233851
2021-09-26,Moderna,38,922811
2021-09-26,Oxford/AstraZeneca,3,886143
2021-09-26,Pfizer/BioNTech,1825,9777199
2021-09-27,Oxford/AstraZeneca,45,886188
2021-09-27,Čína,2,97
2021-09-27,Pfizer/BioNTech,8262,9785461
2021-09-27,Moderna,741,923552
2021-09-27,Johnson&Johnson,1061,234912
2021-09-27,Indie/AstraZeneca,1,64
2021-09-28,Johnson&Johnson,186,235098
2021-09-28,Moderna,53,923605
2021-09-28,Oxford/AstraZeneca,4,886192
2021-09-28,Pfizer/BioNTech,655,9786116
2021-09-28,Čína,1,98
2021-09-29,Pfizer/BioNTech,9075,9795191
2021-09-29,Čína,1,99
2021-09-29,Oxford/AstraZeneca,40,886232
2021-09-29,Indie/AstraZeneca,1,65
2021-09-29,Johnson&Johnson,1056,236154
2021-09-29,Moderna,1037,924642
2021-09-30,Johnson&Johnson,1144,237298
2021-09-30,Moderna,1300,925942
2021-09-30,Oxford/AstraZeneca,38,886270
2021-09-30,Pfizer/BioNTech,9789,9804980
2021-10-01,Indie/AstraZeneca,1,66
2021-10-01,Johnson&Johnson,1106,238404
2021-10-01,Moderna,929,926871
2021-10-01,Oxford/AstraZeneca,30,886300
2021-10-01,Pfizer/BioNTech,11018,9815998
2021-10-01,Čína,1,100
2021-10-02,Pfizer/BioNTech,1972,9817970
2021-10-02,Oxford/AstraZeneca,1,886301
2021-10-02,Čína,1,101
2021-10-02,Johnson&Johnson,343,238747
2021-10-02,Moderna,72,926943
2021-10-03,Johnson&Johnson,301,239048
2021-10-03,Moderna,18,926961
2021-10-03,Oxford/AstraZeneca,2,886303
2021-10-03,Pfizer/BioNTech,1063,9819033
2021-10-04,Čína,1,102
2021-10-04,Pfizer/BioNTech,7814,9826847
2021-10-04,Oxford/AstraZeneca,21,886324
2021-10-04,Johnson&Johnson,831,239879
2021-10-04,Moderna,910,927871
2021-10-05,Johnson&Johnson,976,240855
2021-10-05,Moderna,798,928669
2021-10-05,Oxford/AstraZeneca,28,886352
2021-10-05,Pfizer/BioNTech,7621,9834468
2021-10-05,Čína,1,103
2021-10-06,Pfizer/BioNTech,8558,9843026
2021-10-06,Oxford/AstraZeneca,31,886383
2021-10-06,Moderna,855,929524
2021-10-06,Johnson&Johnson,950,241805
2021-10-07,Johnson&Johnson,955,242760
2021-10-07,Moderna,1052,930576
2021-10-07,Oxford/AstraZeneca,38,886421
2021-10-07,Pfizer/BioNTech,7970,9850996
2021-10-08,Johnson&Johnson,1255,244015
2021-10-08,Moderna,953,931529
2021-10-08,Oxford/AstraZeneca,22,886443
2021-10-08,Pfizer/BioNTech,11916,9862912
2021-10-09,Indie/AstraZeneca,1,67
2021-10-09,Johnson&Johnson,381,244396
2021-10-09,Moderna,66,931595
2021-10-09,Oxford/AstraZeneca,4,886447
2021-10-09,Pfizer/BioNTech,2550,9865462
2021-10-10,Pfizer/BioNTech,1493,9866955
2021-10-10,Oxford/AstraZeneca,3,886450
2021-10-10,Johnson&Johnson,258,244654
2021-10-10,Moderna,20,931615
2021-10-11,Johnson&Johnson,714,245368
2021-10-11,Moderna,831,932446
2021-10-11,Oxford/AstraZeneca,42,886492
2021-10-11,Pfizer/BioNTech,7726,9874681
2021-10-11,Čína,1,104
2021-10-12,Moderna,1006,933452
2021-10-12,Johnson&Johnson,720,246088
2021-10-12,Oxford/AstraZeneca,41,886533
2021-10-12,Pfizer/BioNTech,7928,9882609
2021-10-12,Čína,1,105
2021-10-13,Oxford/AstraZeneca,27,886560
2021-10-13,Pfizer/BioNTech,9401,9892010
2021-10-13,Johnson&Johnson,910,246998
2021-10-13,Moderna,883,934335
2021-10-14,Oxford/AstraZeneca,8,886568
2021-10-14,Pfizer/BioNTech,10233,9902243
2021-10-14,Johnson&Johnson,1139,248137
2021-10-14,Moderna,892,935227
2021-10-15,Johnson&Johnson,1365,249502
2021-10-15,Moderna,983,936210
2021-10-15,Oxford/AstraZeneca,6,886574
2021-10-15,Pfizer/BioNTech,12782,9915025
2021-10-15,Čína,1,106
2021-10-16,Johnson&Johnson,485,249987
2021-10-16,Moderna,49,936259
2021-10-16,Oxford/AstraZeneca,5,886579
2021-10-16,Pfizer/BioNTech,3020,9918045
2021-10-17,Johnson&Johnson,547,250534
2021-10-17,Moderna,73,936332
2021-10-17,Pfizer/BioNTech,1784,9919829
2021-10-17,Čína,2,108
2021-10-18,Oxford/AstraZeneca,31,886610
2021-10-18,Pfizer/BioNTech,12231,9932060
2021-10-18,Johnson&Johnson,1096,251630
2021-10-18,Moderna,970,937302
2021-10-19,Johnson&Johnson,1009,252639
2021-10-19,Moderna,1376,938678
2021-10-19,Oxford/AstraZeneca,24,886634
2021-10-19,Pfizer/BioNTech,13231,9945291
2021-10-20,Johnson&Johnson,1431,254070
2021-10-20,Moderna,1704,940382
2021-10-20,Oxford/AstraZeneca,31,886665
2021-10-20,Pfizer/BioNTech,19804,9965095
2021-10-21,Pfizer/BioNTech,23980,9989075
2021-10-21,Oxford/AstraZeneca,20,886685
2021-10-21,Johnson&Johnson,2256,256326
2021-10-21,Moderna,2486,942868
2021-10-22,Indie/AstraZeneca,1,68
2021-10-22,Johnson&Johnson,2818,259144
2021-10-22,Moderna,2025,944893
2021-10-22,Oxford/AstraZeneca,14,886699
2021-10-22,Pfizer/BioNTech,28163,10017238
2021-10-23,Pfizer/BioNTech,6572,10023810
2021-10-23,Oxford/AstraZeneca,2,886701
2021-10-23,Johnson&Johnson,1356,260500
2021-10-23,Moderna,289,945182
2021-10-24,Johnson&Johnson,1263,261763
2021-10-24,Moderna,63,945245
2021-10-24,Oxford/AstraZeneca,1,886702
2021-10-24,Pfizer/BioNTech,4394,10028204
2021-10-25,Čína,1,109
2021-10-25,Oxford/AstraZeneca,28,886730
2021-10-25,Pfizer/BioNTech,27415,10055619
2021-10-25,Johnson&Johnson,3164,264927
2021-10-25,Moderna,2476,947721
2021-10-26,Johnson&Johnson,4108,269035
2021-10-26,Moderna,2698,950419
2021-10-26,Oxford/AstraZeneca,48,886778
2021-10-26,Pfizer/BioNTech,30128,10085747
2021-10-26,Čína,1,110
2021-10-27,Čína,2,112
2021-10-27,Pfizer/BioNTech,35761,10121508
2021-10-27,Moderna,4138,954557
2021-10-27,Johnson&Johnson,4254,273289
2021-10-27,Oxford/AstraZeneca,53,886831
2021-10-28,Johnson&Johnson,1216,274505
2021-10-28,Moderna,405,954962
2021-10-28,Oxford/AstraZeneca,8,886839
2021-10-28,Pfizer/BioNTech,6546,10128054
2021-10-29,Johnson&Johnson,4149,278654
2021-10-29,Moderna,2520,957482
2021-10-29,Oxford/AstraZeneca,52,886891
2021-10-29,Pfizer/BioNTech,30677,10158731
2021-10-30,Johnson&Johnson,2008,280662
2021-10-30,Moderna,155,957637
2021-10-30,Oxford/AstraZeneca,4,886895
2021-10-30,Pfizer/BioNTech,7142,10165873
2021-10-31,Pfizer/BioNTech,6579,10172452
2021-10-31,Oxford/AstraZeneca,3,886898
2021-10-31,Moderna,54,957691
2021-10-31,Johnson&Johnson,1659,282321
2021-11-01,Johnson&Johnson,4669,286990
2021-11-01,Moderna,3606,961297
2021-11-01,Oxford/AstraZeneca,9,886907
2021-11-01,Pfizer/BioNTech,31903,10204355
2021-11-02,Čína,1,113
2021-11-02,Oxford/AstraZeneca,10,886917
2021-11-02,Pfizer/BioNTech,34871,10239226
2021-11-02,Johnson&Johnson,4820,291810
2021-11-02,Moderna,4024,965321
2021-11-03,Johnson&Johnson,4194,296004
2021-11-03,Moderna,5325,970646
2021-11-03,Oxford/AstraZeneca,10,886927
2021-11-03,Pfizer/BioNTech,41085,10280311
2021-11-03,Čína,1,114
2021-11-04,Čína,1,115
2021-11-04,Pfizer/BioNTech,41436,10321747
2021-11-04,Johnson&Johnson,5065,301069
2021-11-04,Moderna,6155,976801
2021-11-04,Oxford/AstraZeneca,6,886933
2021-11-05,Johnson&Johnson,6810,307879
2021-11-05,Moderna,5663,982464
2021-11-05,Oxford/AstraZeneca,11,886944
2021-11-05,Pfizer/BioNTech,45805,10367552
2021-11-06,Johnson&Johnson,2059,309938
2021-11-06,Moderna,617,983081
2021-11-06,Oxford/AstraZeneca,3,886947
2021-11-06,Pfizer/BioNTech,11664,10379216
2021-11-07,Oxford/AstraZeneca,2,886949
2021-11-07,Johnson&Johnson,1641,311579
2021-11-07,Moderna,215,983296
2021-11-07,Pfizer/BioNTech,7645,10386861
2021-11-08,Pfizer/BioNTech,35952,10422813
2021-11-08,Oxford/AstraZeneca,9,886958
2021-11-08,Johnson&Johnson,4507,316086
2021-11-08,Moderna,4228,987524
2021-11-09,Johnson&Johnson,4705,320791
2021-11-09,Moderna,5505,993029
2021-11-09,Oxford/AstraZeneca,6,886964
2021-11-09,Pfizer/BioNTech,35465,10458278
2021-11-10,Čína,1,116
2021-11-10,Oxford/AstraZeneca,7,886971
2021-11-10,Pfizer/BioNTech,38562,10496840
2021-11-10,Johnson&Johnson,3975,324766
2021-11-10,Moderna,5401,998430
2021-11-11,Johnson&Johnson,4368,329134
2021-11-11,Moderna,5346,1003776
2021-11-11,Oxford/AstraZeneca,10,886981
2021-11-11,Pfizer/BioNTech,38214,10535054
2021-11-11,Čína,2,118
2021-11-12,Pfizer/BioNTech,44281,10579335
2021-11-12,Moderna,4475,1008251
2021-11-12,Johnson&Johnson,5718,334852
2021-11-12,Oxford/AstraZeneca,12,886993
2021-11-13,Johnson&Johnson,1879,336731
2021-11-13,Moderna,509,1008760
2021-11-13,Oxford/AstraZeneca,6,886999
2021-11-13,Pfizer/BioNTech,10762,10590097
2021-11-14,Johnson&Johnson,1608,338339
2021-11-14,Moderna,150,1008910
2021-11-14,Oxford/AstraZeneca,3,887002
2021-11-14,Pfizer/BioNTech,7203,10597300
2021-11-15,Oxford/AstraZeneca,13,887015
2021-11-15,Johnson&Johnson,4336,342675
2021-11-15,Moderna,4365,1013275
2021-11-15,Pfizer/BioNTech,35362,10632662
2021-11-16,Čína,1,119
2021-11-16,Pfizer/BioNTech,41619,10674281
2021-11-16,Moderna,5897,1019172
2021-11-16,Johnson&Johnson,4556,347231
2021-11-16,Oxford/AstraZeneca,7,887022
2021-11-17,Johnson&Johnson,1278,348509
2021-11-17,Moderna,787,1019959
2021-11-17,Oxford/AstraZeneca,11,887033
2021-11-17,Pfizer/BioNTech,8996,10683277
2021-11-18,Johnson&Johnson,5002,353511
2021-11-18,Moderna,5786,1025745
2021-11-18,Oxford/AstraZeneca,5,887038
2021-11-18,Pfizer/BioNTech,41089,10724366
2021-11-19,Pfizer/BioNTech,49245,10773611
2021-11-19,Johnson&Johnson,6080,359591
2021-11-19,Moderna,5689,1031434
2021-11-19,Oxford/AstraZeneca,9,887047
2021-11-20,Pfizer/BioNTech,13720,10787331
2021-11-20,Oxford/AstraZeneca,1,887048
2021-11-20,Moderna,732,1032166
2021-11-20,Johnson&Johnson,2350,361941
2021-11-21,Johnson&Johnson,1786,363727
2021-11-21,Moderna,507,1032673
2021-11-21,Oxford/AstraZeneca,1,887049
2021-11-21,Pfizer/BioNTech,9472,10796803
2021-11-22,Čína,1,120
2021-11-22,Johnson&Johnson,4313,368040
2021-11-22,Moderna,4792,1037465
2021-11-22,Oxford/AstraZeneca,7,887056
2021-11-22,Pfizer/BioNTech,41872,10838675
2021-11-23,Oxford/AstraZeneca,10,887066
2021-11-23,Pfizer/BioNTech,46274,10884949
2021-11-23,Johnson&Johnson,3745,371785
2021-11-23,Moderna,7308,1044773
2021-11-24,Pfizer/BioNTech,49464,10934413
2021-11-24,Oxford/AstraZeneca,21,887087
2021-11-24,Johnson&Johnson,3692,375477
2021-11-24,Moderna,7156,1051929
2021-11-25,Pfizer/BioNTech,52979,10987392
2021-11-25,Oxford/AstraZeneca,4,887091
2021-11-25,Johnson&Johnson,3515,378992
2021-11-25,Moderna,7727,1059656
2021-11-26,Johnson&Johnson,4171,383163
2021-11-26,Moderna,7596,1067252
2021-11-26,Oxford/AstraZeneca,6,887097
2021-11-26,Pfizer/BioNTech,59772,11047164
2021-11-27,Johnson&Johnson,1546,384709
2021-11-27,Moderna,1237,1068489
2021-11-27,Oxford/AstraZeneca,2,887099
2021-11-27,Pfizer/BioNTech,16680,11063844
2021-11-28,Johnson&Johnson,872,385581
2021-11-28,Moderna,786,1069275
2021-11-28,Oxford/AstraZeneca,3,887102
2021-11-28,Pfizer/BioNTech,10956,11074800
2021-11-29,Pfizer/BioNTech,55783,11130583
2021-11-29,Oxford/AstraZeneca,18,887120
2021-11-29,Johnson&Johnson,2369,387950
2021-11-29,Moderna,7485,1076760
2021-11-30,Johnson&Johnson,2002,389952
2021-11-30,Moderna,10644,1087404
2021-11-30,Oxford/AstraZeneca,9,887129
2021-11-30,Pfizer/BioNTech,61151,11191734
2021-12-01,Johnson&Johnson,1846,391798
2021-12-01,Moderna,12928,1100332
2021-12-01,Oxford/AstraZeneca,13,887142
2021-12-01,Pfizer/BioNTech,74169,11265903
2021-12-01,Čína,2,122
2021-12-02,Čína,2,124
2021-12-02,Oxford/AstraZeneca,8,887150
2021-12-02,Pfizer/BioNTech,78415,11344318
2021-12-02,Johnson&Johnson,1827,393625
2021-12-02,Moderna,14381,1114713
2021-12-03,Pfizer/BioNTech,83329,11427647
2021-12-03,Oxford/AstraZeneca,2,887152
2021-12-03,Johnson&Johnson,2052,395677
2021-12-03,Moderna,13772,1128485
2021-12-04,Johnson&Johnson,655,396332
2021-12-04,Moderna,2152,1130637
2021-12-04,Pfizer/BioNTech,29591,11457238
2021-12-05,Johnson&Johnson,337,396669
2021-12-05,Moderna,1174,1131811
2021-12-05,Oxford/AstraZeneca,2,887154
2021-12-05,Pfizer/BioNTech,20929,11478167
2021-12-06,Oxford/AstraZeneca,11,887165
2021-12-06,Johnson&Johnson,1088,397757
2021-12-06,Moderna,10268,1142079
2021-12-06,Pfizer/BioNTech,74171,11552338
2021-12-07,Pfizer/BioNTech,82429,11634767
2021-12-07,Oxford/AstraZeneca,20,887185
2021-12-07,Johnson&Johnson,952,398709
2021-12-07,Moderna,13743,1155822
2021-12-08,Pfizer/BioNTech,80137,11714904
2021-12-08,Johnson&Johnson,868,399577
2021-12-08,Moderna,14307,1170129
2021-12-08,Oxford/AstraZeneca,4,887189
2021-12-09,Oxford/AstraZeneca,6,887195
2021-12-09,Pfizer/BioNTech,84838,11799742
2021-12-09,Johnson&Johnson,706,400283
2021-12-09,Moderna,14859,1184988
2021-12-10,Oxford/AstraZeneca,4,887199
2021-12-10,Pfizer/BioNTech,85922,11885664
2021-12-10,Johnson&Johnson,860,401143
2021-12-10,Moderna,13673,1198661
2021-12-11,Oxford/AstraZeneca,1,887200
2021-12-11,Pfizer/BioNTech,30418,11916082
2021-12-11,Johnson&Johnson,251,401394
2021-12-11,Moderna,2074,1200735
2021-12-12,Pfizer/BioNTech,20443,11936525
2021-12-12,Oxford/AstraZeneca,2,887202
2021-12-12,Moderna,1020,1201755
2021-12-12,Johnson&Johnson,171,401565
2021-12-13,Johnson&Johnson,423,401988
2021-12-13,Moderna,9153,1210908
2021-12-13,Oxford/AstraZeneca,5,887207
2021-12-13,Pfizer/BioNTech,70414,12006939
2021-12-14,Johnson&Johnson,545,402533
2021-12-14,Moderna,13840,1224748
2021-12-14,Oxford/AstraZeneca,10,887217
2021-12-14,Pfizer/BioNTech,78462,12085401
2021-12-15,Johnson&Johnson,472,403005
2021-12-15,Moderna,12998,1237746
2021-12-15,Oxford/AstraZeneca,9,887226
2021-12-15,Pfizer/BioNTech,79696,12165097
2021-12-16,Pfizer/BioNTech,80803,12245900
2021-12-16,Oxford/AstraZeneca,2,887228
2021-12-16,Johnson&Johnson,476,403481
2021-12-16,Moderna,14991,1252737
2021-12-17,Johnson&Johnson,450,403931
2021-12-17,Moderna,12788,1265525
2021-12-17,Oxford/AstraZeneca,7,887235
2021-12-17,Pfizer/BioNTech,86125,12332025
2021-12-18,Oxford/AstraZeneca,2,887237
2021-12-18,Johnson&Johnson,192,404123
2021-12-18,Moderna,2463,1267988
2021-12-18,Pfizer/BioNTech,30884,12362909
2021-12-19,Johnson&Johnson,91,404214
2021-12-19,Moderna,1769,1269757
2021-12-19,Pfizer/BioNTech,20487,12383396
2021-12-20,Oxford/AstraZeneca,5,887242
2021-12-20,Pfizer/BioNTech,74528,12457924
2021-12-20,Johnson&Johnson,366,404580
2021-12-20,Moderna,10006,1279763
2021-12-21,Pfizer/BioNTech,75595,12533519
2021-12-21,Oxford/AstraZeneca,5,887247
2021-12-21,Moderna,11838,1291601
2021-12-21,Johnson&Johnson,354,404934
2021-12-22,Johnson&Johnson,264,405198
2021-12-22,Moderna,9655,1301256
2021-12-22,Oxford/AstraZeneca,1,887248
2021-12-22,Pfizer/BioNTech,65816,12599335
2021-12-23,Pfizer/BioNTech,31853,12631188
2021-12-23,Oxford/AstraZeneca,2,887250
2021-12-23,Johnson&Johnson,215,405413
2021-12-23,Moderna,3763,1305019
2021-12-24,Johnson&Johnson,12,405425
2021-12-24,Moderna,102,1305121
2021-12-24,Oxford/AstraZeneca,2,887252
2021-12-24,Pfizer/BioNTech,449,12631637
2021-12-25,Pfizer/BioNTech,13,12631650
2021-12-25,Moderna,22,1305143
2021-12-26,Pfizer/BioNTech,1129,12632779
2021-12-26,Moderna,177,1305320
2021-12-27,Johnson&Johnson,213,405638
2021-12-27,Moderna,7171,1312491
2021-12-27,Pfizer/BioNTech,55645,12688424
2021-12-28,Johnson&Johnson,206,405844
2021-12-28,Moderna,8830,1321321
2021-12-28,Oxford/AstraZeneca,1,887253
2021-12-28,Pfizer/BioNTech,62554,12750978
2021-12-29,Johnson&Johnson,206,406050
2021-12-29,Moderna,8965,1330286
2021-12-29,Oxford/AstraZeneca,4,887257
2021-12-29,Pfizer/BioNTech,59328,12810306
2021-12-30,Johnson&Johnson,148,406198
2021-12-30,Moderna,6176,1336462
2021-12-30,Pfizer/BioNTech,46974,12857280
2021-12-31,Moderna,644,1337106
2021-12-31,Pfizer/BioNTech,10281,12867561
2021-12-31,Johnson&Johnson,35,406233
2022-01-01,Pfizer/BioNTech,45,12867606
2022-01-01,Moderna,14,1337120
2022-01-02,Johnson&Johnson,45,406278
2022-01-02,Moderna,1442,1338562
2022-01-02,Pfizer/BioNTech,13776,12881382
2022-01-03,Johnson&Johnson,234,406512
2022-01-03,Moderna,8824,1347386
2022-01-03,Oxford/AstraZeneca,8,887265
2022-01-03,Pfizer/BioNTech,63011,12944393
2022-01-04,Johnson&Johnson,260,406772
2022-01-04,Moderna,12166,1359552
2022-01-04,Oxford/AstraZeneca,7,887272
2022-01-04,Pfizer/BioNTech,76825,13021218
2022-01-05,Pfizer/BioNTech,81496,13102714
2022-01-05,Oxford/AstraZeneca,12,887284
2022-01-05,Čína,1,125
2022-01-05,Johnson&Johnson,242,407014
2022-01-05,Moderna,12663,1372215
2022-01-06,Johnson&Johnson,206,407220
2022-01-06,Moderna,14176,1386391
2022-01-06,Oxford/AstraZeneca,11,887295
2022-01-06,Pfizer/BioNTech,87520,13190234
2022-01-07,Pfizer/BioNTech,94749,13284983
2022-01-07,Oxford/AstraZeneca,21,887316
2022-01-07,Johnson&Johnson,342,407562
2022-01-07,Moderna,16741,1403132
2022-01-08,Johnson&Johnson,97,407659
2022-01-08,Moderna,3472,1406604
2022-01-08,Oxford/AstraZeneca,2,887318
2022-01-08,Pfizer/BioNTech,30858,13315841
2022-01-09,Pfizer/BioNTech,18077,13333918
2022-01-09,Johnson&Johnson,73,407732
2022-01-09,Moderna,1834,1408438
2022-01-10,Oxford/AstraZeneca,4,887322
2022-01-10,Pfizer/BioNTech,69284,13403202
2022-01-10,Johnson&Johnson,205,407937
2022-01-10,Moderna,10002,1418440
2022-01-11,Johnson&Johnson,251,408188
2022-01-11,Moderna,11653,1430093
2022-01-11,Oxford/AstraZeneca,9,887331
2022-01-11,Pfizer/BioNTech,76060,13479262
2022-01-12,Johnson&Johnson,205,408393
2022-01-12,Moderna,12377,1442470
2022-01-12,Oxford/AstraZeneca,13,887344
2022-01-12,Pfizer/BioNTech,74567,13553829
2022-01-13,Johnson&Johnson,255,408648
2022-01-13,Moderna,12906,1455376
2022-01-13,Oxford/AstraZeneca,11,887355
2022-01-13,Pfizer/BioNTech,72203,13626032
2022-01-14,Oxford/AstraZeneca,13,887368
2022-01-14,Pfizer/BioNTech,79513,13705545
2022-01-14,Johnson&Johnson,275,408923
2022-01-14,Moderna,12948,1468324
2022-01-15,Johnson&Johnson,104,409027
2022-01-15,Moderna,2351,1470675
2022-01-15,Oxford/AstraZeneca,2,887370
2022-01-15,Pfizer/BioNTech,22045,13727590
2022-01-16,Oxford/AstraZeneca,4,887374
2022-01-16,Pfizer/BioNTech,11586,13739176
2022-01-16,Johnson&Johnson,59,409086
2022-01-16,Moderna,1211,1471886
2022-01-17,Johnson&Johnson,167,409253
2022-01-17,Moderna,6878,1478764
2022-01-17,Oxford/AstraZeneca,7,887381
2022-01-17,Pfizer/BioNTech,46911,13786087
2022-01-18,Johnson&Johnson,166,409419
2022-01-18,Moderna,8135,1486899
2022-01-18,Oxford/AstraZeneca,3,887384
2022-01-18,Pfizer/BioNTech,49447,13835534
2022-01-19,Pfizer/BioNTech,45475,13881009
2022-01-19,Oxford/AstraZeneca,24,887408
2022-01-19,Johnson&Johnson,170,409589
2022-01-19,Moderna,6863,1493762
2022-01-20,Johnson&Johnson,153,409742
2022-01-20,Moderna,7661,1501423
2022-01-20,Oxford/AstraZeneca,12,887420
2022-01-20,Pfizer/BioNTech,46996,13928005
2022-01-21,Oxford/AstraZeneca,6,887426
2022-01-21,Pfizer/BioNTech,54051,13982056
2022-01-21,Johnson&Johnson,189,409931
2022-01-21,Moderna,7589,1509012
2022-01-22,Johnson&Johnson,64,409995
2022-01-22,Moderna,916,1509928
2022-01-22,Pfizer/BioNTech,9975,13992031
2022-01-23,Johnson&Johnson,35,410030
2022-01-23,Moderna,672,1510600
2022-01-23,Pfizer/BioNTech,5823,13997854
2022-01-24,Pfizer/BioNTech,33826,14031680
2022-01-24,Oxford/AstraZeneca,4,887430
2022-01-24,Johnson&Johnson,127,410157
2022-01-24,Moderna,4124,1514724
2022-01-25,Johnson&Johnson,149,410306
2022-01-25,Moderna,4574,1519298
2022-01-25,Oxford/AstraZeneca,7,887437
2022-01-25,Pfizer/BioNTech,32607,14064287
2022-01-26,Johnson&Johnson,88,410394
2022-01-26,Moderna,4579,1523877
2022-01-26,Oxford/AstraZeneca,2,887439
2022-01-26,Pfizer/BioNTech,34912,14099199
2022-01-27,Pfizer/BioNTech,34564,14133763
2022-01-27,Johnson&Johnson,103,410497
2022-01-27,Moderna,5182,1529059
2022-01-27,Oxford/AstraZeneca,5,887444
2022-01-28,Oxford/AstraZeneca,9,887453
2022-01-28,Pfizer/BioNTech,50907,14184670
2022-01-28,Johnson&Johnson,147,410644
2022-01-28,Moderna,5461,1534520
2022-01-29,Johnson&Johnson,38,410682
2022-01-29,Moderna,891,1535411
2022-01-29,Oxford/AstraZeneca,1,887454
2022-01-29,Pfizer/BioNTech,11130,14195800
2022-01-30,Johnson&Johnson,32,410714
2022-01-30,Moderna,375,1535786
2022-01-30,Pfizer/BioNTech,4413,14200213
2022-01-31,Johnson&Johnson,97,410811
2022-01-31,Moderna,2907,1538693
2022-01-31,Pfizer/BioNTech,27214,14227427
2022-02-01,Johnson&Johnson,80,410891
2022-02-01,Moderna,3268,1541961
2022-02-01,Pfizer/BioNTech,22738,14250165
2022-02-02,Pfizer/BioNTech,23189,14273354
2022-02-02,Oxford/AstraZeneca,1,887455
2022-02-02,Johnson&Johnson,73,410964
2022-02-02,Moderna,2991,1544952
2022-02-03,Johnson&Johnson,83,411047
2022-02-03,Moderna,3211,1548163
2022-02-03,Pfizer/BioNTech,23166,14296520
2022-02-04,Johnson&Johnson,83,411130
2022-02-04,Moderna,3496,1551659
2022-02-04,Pfizer/BioNTech,32817,14329337
2022-02-05,Pfizer/BioNTech,5272,14334609
2022-02-05,Moderna,385,1552044
2022-02-05,Johnson&Johnson,16,411146
2022-02-06,Johnson&Johnson,6,411152
2022-02-06,Moderna,232,1552276
2022-02-06,Pfizer/BioNTech,2056,14336665
2022-02-07,Johnson&Johnson,50,411202
2022-02-07,Moderna,1580,1553856
2022-02-07,Pfizer/BioNTech,14836,14351501
2022-02-08,Pfizer/BioNTech,14208,14365709
2022-02-08,Moderna,1793,1555649
2022-02-08,Johnson&Johnson,49,411251
2022-02-09,Johnson&Johnson,81,411332
2022-02-09,Moderna,1713,1557362
2022-02-09,Pfizer/BioNTech,14298,14380007
2022-02-10,Johnson&Johnson,28,411360
2022-02-10,Moderna,2032,1559394
2022-02-10,Pfizer/BioNTech,14002,14394009
2022-02-11,Johnson&Johnson,54,411414
2022-02-11,Moderna,2369,1561763
2022-02-11,Pfizer/BioNTech,21327,14415336
2022-02-12,Johnson&Johnson,12,411426
2022-02-12,Moderna,233,1561996
2022-02-12,Pfizer/BioNTech,2632,14417968
2022-02-13,Johnson&Johnson,6,411432
2022-02-13,Moderna,89,1562085
2022-02-13,Pfizer/BioNTech,1804,14419772
2022-02-14,Pfizer/BioNTech,9501,14429273
2022-02-14,Johnson&Johnson,32,411464
2022-02-14,Moderna,1096,1563181
2022-02-15,Johnson&Johnson,55,411519
2022-02-15,Moderna,1312,1564493
2022-02-15,Pfizer/BioNTech,8722,14437995
2022-02-16,Johnson&Johnson,26,411545
2022-02-16,Moderna,1327,1565820
2022-02-16,Pfizer/BioNTech,9315,14447310
2022-02-17,Johnson&Johnson,30,411575
2022-02-17,Moderna,1400,1567220
2022-02-17,Pfizer/BioNTech,9860,14457170
2022-02-18,Pfizer/BioNTech,15713,14472883
2022-02-18,Johnson&Johnson,22,411597
2022-02-18,Moderna,1746,1568966
2022-02-18,Oxford/AstraZeneca,1,887456
2022-02-19,Pfizer/BioNTech,2182,14475065
2022-02-19,Moderna,123,1569089
2022-02-19,Johnson&Johnson,6,411603
2022-02-20,Johnson&Johnson,4,411607
2022-02-20,Moderna,27,1569116
2022-02-20,Oxford/AstraZeneca,1,887457
2022-02-20,Pfizer/BioNTech,893,14475958
2022-02-21,Johnson&Johnson,48,411655
2022-02-21,Moderna,845,1569961
2022-02-21,Oxford/AstraZeneca,1,887458
2022-02-21,Pfizer/BioNTech,7017,14482975
2022-02-22,Johnson&Johnson,22,411677
2022-02-22,Moderna,868,1570829
2022-02-22,Oxford/AstraZeneca,2,887460
2022-02-22,Pfizer/BioNTech,6773,14489748
2022-02-23,Moderna,903,1571732
2022-02-23,Pfizer/BioNTech,6891,14496639
2022-02-23,Johnson&Johnson,43,411720
2022-02-24,Johnson&Johnson,24,411744
2022-02-24,Moderna,1130,1572862
2022-02-24,Pfizer/BioNTech,6964,14503603
2022-02-25,Johnson&Johnson,38,411782
2022-02-25,Moderna,1179,1574041
2022-02-25,Pfizer/BioNTech,12541,14516144
2022-02-26,Moderna,112,1574153
2022-02-26,Johnson&Johnson,5,411787
2022-02-26,Pfizer/BioNTech,1734,14517878
2022-02-27,Johnson&Johnson,4,411791
2022-02-27,Moderna,13,1574166
2022-02-27,Pfizer/BioNTech,703,14518581
2022-02-28,Moderna,708,1574874
2022-02-28,Pfizer/BioNTech,5189,14523770
2022-02-28,Johnson&Johnson,29,411820
2022-03-01,Moderna,662,1575536
2022-03-01,Pfizer/BioNTech,3359,14527129
2022-03-01,Johnson&Johnson,25,411845
2022-03-02,Novavax,6,6
2022-03-02,Pfizer/BioNTech,4409,14531538
2022-03-02,Johnson&Johnson,19,411864
2022-03-02,Moderna,623,1576159
2022-03-03,Pfizer/BioNTech,4342,14535880
2022-03-03,Novavax,72,78
2022-03-03,Moderna,546,1576705
2022-03-03,Johnson&Johnson,13,411877
2022-03-04,Johnson&Johnson,37,411914
2022-03-04,Moderna,977,1577682
2022-03-04,Novavax,195,273
2022-03-04,Pfizer/BioNTech,7831,14543711
2022-03-05,Novavax,28,301
2022-03-05,Pfizer/BioNTech,705,14544416
2022-03-05,Johnson&Johnson,2,411916
2022-03-05,Moderna,54,1577736
2022-03-06,Moderna,13,1577749
2022-03-06,Novavax,1,302
2022-03-06,Pfizer/BioNTech,212,14544628
2022-03-07,Johnson&Johnson,33,411949
2022-03-07,Moderna,420,1578169
2022-03-07,Novavax,130,432
2022-03-07,Pfizer/BioNTech,3017,14547645
2022-03-08,Pfizer/BioNTech,2740,14550385
2022-03-08,Novavax,143,575
2022-03-08,Johnson&Johnson,26,411975
2022-03-08,Moderna,477,1578646
2022-03-09,Johnson&Johnson,6,411981
2022-03-09,Moderna,500,1579146
2022-03-09,Novavax,161,736
2022-03-09,Pfizer/BioNTech,3610,14553995
2022-03-10,Johnson&Johnson,11,411992
2022-03-10,Moderna,457,1579603
2022-03-10,Novavax,184,920
2022-03-10,Pfizer/BioNTech,3529,14557524
2022-03-11,Johnson&Johnson,29,412021
2022-03-11,Moderna,739,1580342
2022-03-11,Novavax,338,1258
2022-03-11,Pfizer/BioNTech,6870,14564394
2022-03-12,Pfizer/BioNTech,938,14565332
2022-03-12,Novavax,21,1279
2022-03-12,Moderna,97,1580439
2022-03-12,Johnson&Johnson,8,412029
2022-03-13,Johnson&Johnson,1,412030
2022-03-13,Moderna,25,1580464
2022-03-13,Novavax,5,1284
2022-03-13,Pfizer/BioNTech,187,14565519
2022-03-14,Johnson&Johnson,19,412049
2022-03-14,Moderna,462,1580926
2022-03-14,Novavax,95,1379
2022-03-14,Pfizer/BioNTech,2819,14568338
2022-03-15,Johnson&Johnson,12,412061
2022-03-15,Moderna,477,1581403
2022-03-15,Novavax,106,1485
2022-03-15,Pfizer/BioNTech,2737,14571075
2022-03-16,Novavax,75,1560
2022-03-16,Pfizer/BioNTech,3240,14574315
2022-03-16,Johnson&Johnson,16,412077
2022-03-16,Moderna,440,1581843
2022-03-17,Johnson&Johnson,15,412092
2022-03-17,Moderna,475,1582318
2022-03-17,Novavax,105,1665
2022-03-17,Oxford/AstraZeneca,1,887461
2022-03-17,Pfizer/BioNTech,3220,14577535
2022-03-18,Pfizer/BioNTech,7156,14584691
2022-03-18,Novavax,315,1980
2022-03-18,Moderna,696,1583014
2022-03-18,Johnson&Johnson,25,412117
2022-03-19,Moderna,43,1583057
2022-03-19,Novavax,16,1996
2022-03-19,Pfizer/BioNTech,489,14585180
2022-03-20,Pfizer/BioNTech,175,14585355
2022-03-20,Moderna,31,1583088
2022-03-20,Novavax,3,1999
2022-03-21,Novavax,47,2046
2022-03-21,Pfizer/BioNTech,2547,14587902
2022-03-21,Johnson&Johnson,11,412128
2022-03-21,Moderna,365,1583453
2022-03-22,Johnson&Johnson,14,412142
2022-03-22,Moderna,349,1583802
2022-03-22,Novavax,85,2131
2022-03-22,Pfizer/BioNTech,2442,14590344
2022-03-23,Johnson&Johnson,29,412171
2022-03-23,Moderna,377,1584179
2022-03-23,Novavax,90,2221
2022-03-23,Pfizer/BioNTech,3085,14593429
2022-03-24,Johnson&Johnson,5,412176
2022-03-24,Moderna,472,1584651
2022-03-24,Novavax,154,2375
2022-03-24,Pfizer/BioNTech,3309,14596738
2022-03-25,Pfizer/BioNTech,6717,14603455
2022-03-25,Novavax,319,2694
2022-03-25,Johnson&Johnson,36,412212
2022-03-25,Moderna,790,1585441
2022-03-26,Johnson&Johnson,2,412214
2022-03-26,Moderna,46,1585487
2022-03-26,Novavax,39,2733
2022-03-26,Pfizer/BioNTech,435,14603890
2022-03-27,Pfizer/BioNTech,131,14604021
2022-03-27,Moderna,11,1585498
2022-03-27,Novavax,6,2739
2022-03-28,Johnson&Johnson,19,412233
2022-03-28,Moderna,332,1585830
2022-03-28,Novavax,164,2903
2022-03-28,Pfizer/BioNTech,2331,14606352
2022-03-29,Novavax,176,3079
2022-03-29,Pfizer/BioNTech,2390,14608742
2022-03-29,Johnson&Johnson,23,412256
2022-03-29,Moderna,357,1586187
2022-03-30,Novavax,190,3269
2022-03-30,Pfizer/BioNTech,2999,14611741
2022-03-30,Johnson&Johnson,17,412273
2022-03-30,Moderna,407,1586594
2022-03-31,Johnson&Johnson,15,412288
2022-03-31,Moderna,445,1587039
2022-03-31,Novavax,233,3502
2022-03-31,Pfizer/BioNTech,3386,14615127
2022-04-01,Johnson&Johnson,17,412305
2022-04-01,Moderna,666,1587705
2022-04-01,Pfizer/BioNTech,6152,14621279
2022-04-01,Novavax,419,3921
2022-04-02,Moderna,44,1587749
2022-04-02,Novavax,31,3952
2022-04-02,Pfizer/BioNTech,878,14622157
2022-04-03,Pfizer/BioNTech,182,14622339
2022-04-03,Moderna,24,1587773
2022-04-03,Novavax,3,3955
2022-04-04,Pfizer/BioNTech,1871,14624210
2022-04-04,Novavax,126,4081
2022-04-04,Johnson&Johnson,21,412326
2022-04-04,Moderna,262,1588035
2022-04-05,Johnson&Johnson,17,412343
2022-04-05,Moderna,291,1588326
2022-04-05,Novavax,133,4214
2022-04-05,Pfizer/BioNTech,1582,14625792
2022-04-06,Novavax,80,4294
2022-04-06,Pfizer/BioNTech,2873,14628665
2022-04-06,Johnson&Johnson,7,412350
2022-04-06,Moderna,337,1588663
2022-04-07,Johnson&Johnson,6,412356
2022-04-07,Moderna,355,1589018
2022-04-07,Novavax,162,4456
2022-04-07,Pfizer/BioNTech,2945,14631610
2022-04-08,Johnson&Johnson,26,412382
2022-04-08,Moderna,551,1589569
2022-04-08,Novavax,397,4853
2022-04-08,Pfizer/BioNTech,6222,14637832
2022-04-09,Pfizer/BioNTech,582,14638414
2022-04-09,Novavax,25,4878
2022-04-09,Johnson&Johnson,1,412383
2022-04-09,Moderna,48,1589617
2022-04-10,Moderna,15,1589632
2022-04-10,Novavax,5,4883
2022-04-10,Pfizer/BioNTech,123,14638537
2022-04-11,Johnson&Johnson,12,412395
2022-04-11,Moderna,245,1589877
2022-04-11,Novavax,81,4964
2022-04-11,Pfizer/BioNTech,1897,14640434
2022-04-12,Pfizer/BioNTech,1991,14642425
2022-04-12,Novavax,131,5095
2022-04-12,Johnson&Johnson,22,412417
2022-04-12,Moderna,291,1590168
2022-04-13,Johnson&Johnson,9,412426
2022-04-13,Moderna,400,1590568
2022-04-13,Novavax,95,5190
2022-04-13,Pfizer/BioNTech,3205,14645630
2022-04-14,Pfizer/BioNTech,3807,14649437
2022-04-14,Novavax,189,5379
2022-04-14,Moderna,365,1590933
2022-04-14,Johnson&Johnson,7,412433
2022-04-15,Moderna,35,1590968
2022-04-15,Novavax,12,5391
2022-04-15,Pfizer/BioNTech,145,14649582
2022-04-16,Johnson&Johnson,1,412434
2022-04-16,Moderna,24,1590992
2022-04-16,Novavax,26,5417
2022-04-16,Pfizer/BioNTech,219,14649801
2022-04-17,Pfizer/BioNTech,35,14649836
2022-04-17,Moderna,16,1591008
2022-04-17,Novavax,2,5419
2022-04-18,Johnson&Johnson,1,412435
2022-04-18,Moderna,15,1591023
2022-04-18,Pfizer/BioNTech,15,14649851
2022-04-18,Novavax,10,5429
2022-04-19,Novavax,130,5559
2022-04-19,Pfizer/BioNTech,1866,14651717
2022-04-19,Moderna,256,1591279
2022-04-19,Johnson&Johnson,5,412440
2022-04-20,Johnson&Johnson,22,412462
2022-04-20,Moderna,269,1591548
2022-04-20,Novavax,88,5647
2022-04-20,Pfizer/BioNTech,2724,14654441
2022-04-20,Čína,1,126
2022-04-21,Johnson&Johnson,9,412471
2022-04-21,Moderna,349,1591897
2022-04-21,Novavax,127,5774
2022-04-21,Pfizer/BioNTech,2561,14657002
2022-04-22,Novavax,297,6071
2022-04-22,Johnson&Johnson,21,412492
2022-04-22,Moderna,493,1592390
2022-04-22,Pfizer/BioNTech,6059,14663061
2022-04-23,Pfizer/BioNTech,823,14663884
2022-04-23,Moderna,55,1592445
2022-04-23,Novavax,20,6091
2022-04-24,Moderna,20,1592465
2022-04-24,Novavax,3,6094
2022-04-24,Pfizer/BioNTech,122,14664006
2022-04-25,Pfizer/BioNTech,1875,14665881
2022-04-25,Johnson&Johnson,10,412502
2022-04-25,Moderna,239,1592704
2022-04-25,Novavax,74,6168
2022-04-26,Novavax,66,6234
2022-04-26,Pfizer/BioNTech,1576,14667457
2022-04-26,Johnson&Johnson,17,412519
2022-04-26,Moderna,292,1592996
2022-04-27,Novavax,58,6292
2022-04-27,Pfizer/BioNTech,2726,14670183
2022-04-27,Johnson&Johnson,8,412527
2022-04-27,Moderna,242,1593238
2022-04-28,Pfizer/BioNTech,2581,14672764
2022-04-28,Novavax,68,6360
2022-04-28,Johnson&Johnson,7,412534
2022-04-28,Moderna,244,1593482
2022-04-29,Johnson&Johnson,31,412565
2022-04-29,Moderna,479,1593961
2022-04-29,Novavax,216,6576
2022-04-29,Pfizer/BioNTech,5051,14677815
2022-04-30,Moderna,49,1594010
2022-04-30,Novavax,15,6591
2022-04-30,Pfizer/BioNTech,619,14678434
2022-05-01,Pfizer/BioNTech,93,14678527
2022-05-01,Oxford/AstraZeneca,1,887462
2022-05-01,Moderna,13,1594023
2022-05-01,Novavax,4,6595
2022-05-02,Johnson&Johnson,9,412574
2022-05-02,Moderna,213,1594236
2022-05-02,Novavax,52,6647
2022-05-02,Pfizer/BioNTech,1321,14679848
2022-05-03,Pfizer/BioNTech,1494,14681342
2022-05-03,Novavax,55,6702
2022-05-03,Johnson&Johnson,14,412588
2022-05-03,Moderna,230,1594466
2022-05-04,Johnson&Johnson,4,412592
2022-05-04,Moderna,225,1594691
2022-05-04,Novavax,51,6753
2022-05-04,Pfizer/BioNTech,2325,14683667
2022-05-05,Johnson&Johnson,12,412604
2022-05-05,Moderna,260,1594951
2022-05-05,Novavax,63,6816
2022-05-05,Pfizer/BioNTech,2283,14685950
2022-05-06,Johnson&Johnson,28,412632
2022-05-06,Moderna,353,1595304
2022-05-06,Novavax,115,6931
2022-05-06,Pfizer/BioNTech,5140,14691090
2022-05-07,Pfizer/BioNTech,359,14691449
2022-05-07,Moderna,30,1595334
2022-05-07,Novavax,6,6937
2022-05-08,Moderna,3,1595337
2022-05-08,Pfizer/BioNTech,49,14691498
2022-05-09,Johnson&Johnson,6,412638
2022-05-09,Moderna,166,1595503
2022-05-09,Novavax,31,6968
2022-05-09,Pfizer/BioNTech,1275,14692773
2022-05-10,Johnson&Johnson,13,412651
2022-05-10,Moderna,236,1595739
2022-05-10,Novavax,64,7032
2022-05-10,Pfizer/BioNTech,1681,14694454
2022-05-11,Oxford/AstraZeneca,1,887463
2022-05-11,Pfizer/BioNTech,2448,14696902
2022-05-11,Moderna,286,1596025
2022-05-11,Johnson&Johnson,9,412660
2022-05-11,Novavax,49,7081
2022-05-12,Johnson&Johnson,7,412667
2022-05-12,Moderna,232,1596257
2022-05-12,Novavax,62,7143
2022-05-12,Pfizer/BioNTech,2302,14699204
2022-05-13,Pfizer/BioNTech,4569,14703773
2022-05-13,Johnson&Johnson,32,412699
2022-05-13,Moderna,308,1596565
2022-05-13,Novavax,121,7264
2022-05-14,Novavax,10,7274
2022-05-14,Pfizer/BioNTech,628,14704401
2022-05-14,Johnson&Johnson,1,412700
2022-05-14,Moderna,29,1596594
2022-05-15,Moderna,7,1596601
2022-05-15,Novavax,10,7284
2022-05-15,Johnson&Johnson,1,412701
2022-05-15,Pfizer/BioNTech,108,14704509
2022-05-16,Pfizer/BioNTech,1360,14705869
2022-05-16,Novavax,34,7318
2022-05-16,Moderna,158,1596759
2022-05-16,Johnson&Johnson,8,412709
2022-05-17,Johnson&Johnson,17,412726
2022-05-17,Moderna,187,1596946
2022-05-17,Novavax,53,7371
2022-05-17,Pfizer/BioNTech,1438,14707307
2022-05-18,Indie/AstraZeneca,1,69
2022-05-18,Johnson&Johnson,17,412743
2022-05-18,Moderna,172,1597118
2022-05-18,Novavax,52,7423
2022-05-18,Pfizer/BioNTech,2329,14709636
2022-05-19,Johnson&Johnson,8,412751
2022-05-19,Moderna,211,1597329
2022-05-19,Novavax,47,7470
2022-05-19,Pfizer/BioNTech,2003,14711639
2022-05-20,Novavax,120,7590
2022-05-20,Pfizer/BioNTech,4354,14715993
2022-05-20,Johnson&Johnson,36,412787
2022-05-20,Moderna,324,1597653
2022-05-21,Johnson&Johnson,1,412788
2022-05-21,Moderna,38,1597691
2022-05-21,Novavax,11,7601
2022-05-21,Pfizer/BioNTech,289,14716282
2022-05-22,Moderna,14,1597705
2022-05-22,Pfizer/BioNTech,145,14716427
2022-05-23,Pfizer/BioNTech,1305,14717732
2022-05-23,Novavax,48,7649
2022-05-23,Moderna,236,1597941
2022-05-23,Johnson&Johnson,8,412796
2022-05-24,Johnson&Johnson,18,412814
2022-05-24,Moderna,164,1598105
2022-05-24,Novavax,29,7678
2022-05-24,Pfizer/BioNTech,1322,14719054
2022-05-25,Oxford/AstraZeneca,1,887464
2022-05-25,Pfizer/BioNTech,2485,14721539
2022-05-25,Novavax,33,7711
2022-05-25,Johnson&Johnson,3,412817
2022-05-25,Indie/AstraZeneca,1,70
2022-05-25,Moderna,267,1598372
2022-05-26,Johnson&Johnson,6,412823
2022-05-26,Moderna,202,1598574
2022-05-26,Novavax,37,7748
2022-05-26,Pfizer/BioNTech,1774,14723313
2022-05-27,Johnson&Johnson,23,412846
2022-05-27,Moderna,401,1598975
2022-05-27,Novavax,106,7854
2022-05-27,Pfizer/BioNTech,3941,14727254
2022-05-28,Moderna,27,1599002
2022-05-28,Novavax,3,7857
2022-05-28,Pfizer/BioNTech,447,14727701
2022-05-29,Pfizer/BioNTech,115,14727816
2022-05-29,Novavax,4,7861
2022-05-29,Moderna,10,1599012
2022-05-30,Johnson&Johnson,7,412853
2022-05-30,Moderna,130,1599142
2022-05-30,Novavax,35,7896
2022-05-30,Pfizer/BioNTech,1150,14728966
2022-05-31,Johnson&Johnson,24,412877
2022-05-31,Moderna,164,1599306
2022-05-31,Novavax,40,7936
2022-05-31,Pfizer/BioNTech,1340,14730306
2022-06-01,Johnson&Johnson,6,412883
2022-06-01,Moderna,152,1599458
2022-06-01,Novavax,26,7962
2022-06-01,Pfizer/BioNTech,1615,14731921
2022-06-02,Novavax,23,7985
2022-06-02,Pfizer/BioNTech,1534,14733455
2022-06-02,Moderna,153,1599611
2022-06-03,Pfizer/BioNTech,3338,14736793
2022-06-03,Novavax,72,8057
2022-06-03,Moderna,176,1599787
2022-06-03,Johnson&Johnson,26,412909
2022-06-04,Johnson&Johnson,3,412912
2022-06-04,Moderna,24,1599811
2022-06-04,Novavax,11,8068
2022-06-04,Pfizer/BioNTech,438,14737231
2022-06-05,Moderna,10,1599821
2022-06-05,Novavax,1,8069
2022-06-05,Pfizer/BioNTech,107,14737338
2022-06-06,Johnson&Johnson,1,412913
2022-06-06,Moderna,147,1599968
2022-06-06,Novavax,35,8104
2022-06-06,Pfizer/BioNTech,1168,14738506
2022-06-07,Novavax,39,8143
2022-06-07,Pfizer/BioNTech,925,14739431
2022-06-07,Johnson&Johnson,15,412928
2022-06-07,Moderna,109,1600077
2022-06-08,Johnson&Johnson,3,412931
2022-06-08,Moderna,116,1600193
2022-06-08,Novavax,33,8176
2022-06-08,Pfizer/BioNTech,1689,14741120
2022-06-09,Pfizer/BioNTech,1302,14742422
2022-06-09,Novavax,31,8207
2022-06-09,Johnson&Johnson,3,412934
2022-06-09,Moderna,167,1600360
2022-06-10,Johnson&Johnson,15,412949
2022-06-10,Moderna,191,1600551
2022-06-10,Novavax,57,8264
2022-06-10,Pfizer/BioNTech,2528,14744950
2022-06-11,Pfizer/BioNTech,205,14745155
2022-06-11,Moderna,16,1600567
2022-06-11,Novavax,8,8272
2022-06-12,Pfizer/BioNTech,92,14745247
2022-06-12,Moderna,8,1600575
2022-06-12,Novavax,11,8283
2022-06-13,Johnson&Johnson,5,412954
2022-06-13,Moderna,130,1600705
2022-06-13,Novavax,31,8314
2022-06-13,Oxford/AstraZeneca,1,887465
2022-06-13,Pfizer/BioNTech,865,14746112
2022-06-14,Johnson&Johnson,15,412969
2022-06-14,Moderna,90,1600795
2022-06-14,Novavax,27,8341
2022-06-14,Pfizer/BioNTech,851,14746963
2022-06-15,Pfizer/BioNTech,1222,14748185
2022-06-15,Johnson&Johnson,6,412975
2022-06-15,Moderna,188,1600983
2022-06-15,Novavax,17,8358
2022-06-16,Pfizer/BioNTech,1023,14749208
2022-06-16,Novavax,11,8369
2022-06-16,Moderna,163,1601146
2022-06-16,Johnson&Johnson,1,412976
2022-06-17,Johnson&Johnson,19,412995
2022-06-17,Moderna,155,1601301
2022-06-17,Novavax,58,8427
2022-06-17,Pfizer/BioNTech,2355,14751563
2022-06-18,Moderna,1,1601302
2022-06-18,Novavax,1,8428
2022-06-18,Pfizer/BioNTech,159,14751722
2022-06-19,Pfizer/BioNTech,68,14751790
2022-06-19,Moderna,2,1601304
2022-06-20,Novavax,22,8450
2022-06-20,Pfizer/BioNTech,810,14752600
2022-06-20,Johnson&Johnson,8,413003
2022-06-20,Moderna,57,1601361
2022-06-21,Novavax,26,8476
2022-06-21,Pfizer/BioNTech,843,14753443
2022-06-21,Johnson&Johnson,3,413006
2022-06-21,Moderna,92,1601453
2022-06-22,Novavax,35,8511
2022-06-22,Pfizer/BioNTech,1240,14754683
2022-06-22,Johnson&Johnson,7,413013
2022-06-22,Moderna,123,1601576
2022-06-23,Johnson&Johnson,2,413015
2022-06-23,Moderna,144,1601720
2022-06-23,Novavax,16,8527
2022-06-23,Pfizer/BioNTech,1053,14755736
2022-06-24,Johnson&Johnson,23,413038
2022-06-24,Moderna,133,1601853
2022-06-24,Novavax,47,8574
2022-06-24,Pfizer/BioNTech,2189,14757925
2022-06-25,Moderna,12,1601865
2022-06-25,Novavax,4,8578
2022-06-25,Pfizer/BioNTech,405,14758330
2022-06-26,Moderna,6,1601871
2022-06-26,Pfizer/BioNTech,74,14758404
2022-06-27,Pfizer/BioNTech,879,14759283
2022-06-27,Novavax,20,8598
2022-06-27,Moderna,93,1601964
2022-06-27,Johnson&Johnson,17,413055
2022-06-28,Johnson&Johnson,3,413058
2022-06-28,Moderna,106,1602070
2022-06-28,Novavax,34,8632
2022-06-28,Pfizer/BioNTech,872,14760155
2022-06-29,Johnson&Johnson,12,413070
2022-06-29,Moderna,186,1602256
2022-06-29,Novavax,20,8652
2022-06-29,Pfizer/BioNTech,1402,14761557
2022-06-30,Johnson&Johnson,3,413073
2022-06-30,Moderna,142,1602398
2022-06-30,Novavax,26,8678
2022-06-30,Pfizer/BioNTech,1246,14762803
2022-07-01,Novavax,42,8720
2022-07-01,Pfizer/BioNTech,2258,14765061
2022-07-01,Johnson&Johnson,27,413100
2022-07-01,Moderna,129,1602527
2022-07-01,Oxford/AstraZeneca,1,887466
2022-07-02,Moderna,2,1602529
2022-07-02,Novavax,1,8721
2022-07-02,Pfizer/BioNTech,158,14765219
2022-07-03,Moderna,10,1602539
2022-07-03,Pfizer/BioNTech,67,14765286
2022-07-04,Johnson&Johnson,9,413109
2022-07-04,Moderna,123,1602662
2022-07-04,Novavax,20,8741
2022-07-04,Pfizer/BioNTech,767,14766053
2022-07-05,Novavax,1,8742
2022-07-05,Pfizer/BioNTech,31,14766084
2022-07-06,Moderna,6,1602668
2022-07-06,Pfizer/BioNTech,38,14766122
2022-07-07,Moderna,136,1602804
2022-07-07,Pfizer/BioNTech,1003,14767125
2022-07-07,Novavax,38,8780
2022-07-07,Johnson&Johnson,8,413117
2022-07-08,Indie/AstraZeneca,2,72
2022-07-08,Johnson&Johnson,33,413150
2022-07-08,Moderna,179,1602983
2022-07-08,Novavax,44,8824
2022-07-08,Oxford/AstraZeneca,2,887468
2022-07-08,Pfizer/BioNTech,2207,14769332
2022-07-09,Pfizer/BioNTech,131,14769463
2022-07-09,Novavax,1,8825
2022-07-09,Moderna,3,1602986
2022-07-09,Johnson&Johnson,1,413151
2022-07-10,Moderna,29,1603015
2022-07-10,Pfizer/BioNTech,77,14769540
2022-07-11,Johnson&Johnson,11,413162
2022-07-11,Moderna,149,1603164
2022-07-11,Novavax,24,8849
2022-07-11,Pfizer/BioNTech,1082,14770622
2022-07-12,Pfizer/BioNTech,1121,14771743
2022-07-12,Novavax,34,8883
2022-07-12,Johnson&Johnson,6,413168
2022-07-12,Moderna,89,1603253
2022-07-13,Johnson&Johnson,4,413172
2022-07-13,Moderna,182,1603435
2022-07-13,Novavax,39,8922
2022-07-13,Pfizer/BioNTech,1951,14773694
2022-07-14,Johnson&Johnson,8,413180
2022-07-14,Moderna,176,1603611
2022-07-14,Novavax,33,8955
2022-07-14,Pfizer/BioNTech,1329,14775023
2022-07-15,Johnson&Johnson,27,413207
2022-07-15,Moderna,219,1603830
2022-07-15,Novavax,58,9013
2022-07-15,Pfizer/BioNTech,3398,14778421
2022-07-16,Moderna,3,1603833
2022-07-16,Pfizer/BioNTech,462,14778883
2022-07-16,Novavax,3,9016
2022-07-16,Johnson&Johnson,1,413208
2022-07-17,Moderna,18,1603851
2022-07-17,Pfizer/BioNTech,89,14778972
2022-07-18,Oxford/AstraZeneca,1,887469
2022-07-18,Novavax,28,9044
2022-07-18,Pfizer/BioNTech,2783,14781755
2022-07-18,Johnson&Johnson,16,413224
2022-07-18,Moderna,401,1604252
2022-07-19,Johnson&Johnson,5,413229
2022-07-19,Moderna,384,1604636
2022-07-19,Novavax,21,9065
2022-07-19,Pfizer/BioNTech,3823,14785578
2022-07-20,Johnson&Johnson,3,413232
2022-07-20,Moderna,578,1605214
2022-07-20,Novavax,15,9080
2022-07-20,Pfizer/BioNTech,5173,14790751
2022-07-21,Pfizer/BioNTech,5262,14796013
2022-07-21,Novavax,26,9106
2022-07-21,Johnson&Johnson,6,413238
2022-07-21,Moderna,454,1605668
2022-07-22,Johnson&Johnson,31,413269
2022-07-22,Moderna,780,1606448
2022-07-22,Novavax,64,9170
2022-07-22,Oxford/AstraZeneca,1,887470
2022-07-22,Pfizer/BioNTech,10148,14806161
2022-07-23,Moderna,25,1606473
2022-07-23,Pfizer/BioNTech,497,14806658
2022-07-23,Johnson&Johnson,1,413270
2022-07-23,Novavax,1,9171
2022-07-24,Moderna,34,1606507
2022-07-24,Pfizer/BioNTech,263,14806921
2022-07-25,Johnson&Johnson,11,413281
2022-07-25,Moderna,521,1607028
2022-07-25,Novavax,22,9193
2022-07-25,Pfizer/BioNTech,4604,14811525
2022-07-26,Novavax,20,9213
2022-07-26,Pfizer/BioNTech,6064,14817589
2022-07-26,Moderna,625,1607653
2022-07-26,Johnson&Johnson,5,413286
2022-07-27,Johnson&Johnson,17,413303
2022-07-27,Moderna,701,1608354
2022-07-27,Novavax,10,9223
2022-07-27,Pfizer/BioNTech,7616,14825205
2022-07-28,Pfizer/BioNTech,6490,14831695
2022-07-28,Johnson&Johnson,11,413314
2022-07-28,Moderna,641,1608995
2022-07-28,Novavax,26,9249
2022-07-29,Johnson&Johnson,28,413342
2022-07-29,Moderna,611,1609606
2022-07-29,Novavax,74,9323
2022-07-29,Pfizer/BioNTech,8624,14840319
2022-07-30,Moderna,39,1609645
2022-07-30,Novavax,1,9324
2022-07-30,Johnson&Johnson,1,413343
2022-07-30,Pfizer/BioNTech,885,14841204
2022-07-31,Moderna,32,1609677
2022-07-31,Pfizer/BioNTech,163,14841367
